id,subtotal,vat,total,customer_id,first_name,last_name,email,address,created_at
81,5000.0,500.0,5500.0,1,Alice,Smith,alice.smith@example.com,123 Main St,2023-01-01
82,4000.0,400.0,4400.0,2,Bob,Johnson,bob.johnson@example.com,456 Elm St,2023-01-02
83,4500.0,450.0,4950.0,3,Charlie,Williams,charlie.williams@example.com,789 Oak St,2023-01-03
84,6000.0,600.0,6600.0,4,Diana,Jones,diana.jones@example.com,321 Pine St,2023-01-04
85,5500.0,550.0,6050.0,5,Ethan,Brown,ethan.brown@example.com,654 Maple St,2023-01-05
86,3500.0,350.0,3850.0,6,Fiona,Davis,fiona.davis@example.com,987 Cedar St,2023-01-06
87,7200.0,720.0,7920.0,7,George,Garcia,george.garcia@example.com,159 Birch St,2023-01-07
88,6800.0,680.0,7480.0,8,Hannah,Martinez,hannah.martinez@example.com,753 Fir St,2023-01-08
89,5000.0,500.0,5500.0,9,Ian,Hernandez,ian.hernandez@example.com,852 Spruce St,2023-01-09
90,4500.0,450.0,4950.0,10,Julia,Lopez,julia.lopez@example.com,951 Oak St,2023-01-10
91,4000.0,400.0,4400.0,11,Kevin,Clark,kevin.clark@example.com,321 Willow St,2023-01-11
92,7200.0,720.0,7920.0,12,Liam,Rodriguez,liam.rodriguez@example.com,654 Elm St,2023-01-12
93,3000.0,300.0,3300.0,13,Mia,Johnson,mia.johnson@example.com,987 Cedar St,2023-01-13
94,3500.0,350.0,3850.0,14,Noah,Thompson,noah.thompson@example.com,753 Fir St,2023-01-14
95,3700.0,370.0,4070.0,15,Olivia,Martin,olivia.martin@example.com,852 Spruce St,2023-01-15
96,6700.0,670.0,7370.0,16,Paul,Brown,paul.brown@example.com,951 Oak St,2023-01-16
97,5800.0,580.0,6380.0,17,Quinn,Davis,quinn.davis@example.com,321 Willow St,2023-01-17
98,6200.0,620.0,6820.0,18,Rita,Garcia,rita.garcia@example.com,654 Elm St,2023-01-18
99,5900.0,590.0,6490.0,19,Sam,Hernandez,sam.hernandez@example.com,987 Cedar St,2023-01-19
100,7300.0,730.0,8030.0,20,Tina,Lopez,tina.lopez@example.com,753 Fir St,2023-01-20
101,7000.0,700.0,7700.0,21,Uma,Martinez,uma.martinez@example.com,852 Spruce St,2023-01-21
102,6500.0,650.0,7150.0,22,Vera,Clark,vera.clark@example.com,951 Oak St,2023-01-22
103,7200.0,720.0,7920.0,23,Will,Thompson,will.thompson@example.com,321 Willow St,2023-01-23
104,7400.0,740.0,8140.0,24,Xena,Garcia,xena.garcia@example.com,654 Elm St,2023-01-24
105,7000.0,700.0,7700.0,25,Yara,Brown,yara.brown@example.com,987 Cedar St,2023-01-25
106,6500.0,650.0,7150.0,26,Zach,Johnson,zach.johnson@example.com,753 Fir St,2023-01-26
107,6900.0,690.0,7590.0,27,Anna,Rodriguez,anna.rodriguez@example.com,852 Spruce St,2023-01-27
108,7700.0,770.0,8470.0,28,Brian,Davis,brian.davis@example.com,951 Oak St,2023-01-28
109,7000.0,700.0,7700.0,29,Cathy,Hernandez,cathy.hernandez@example.com,321 Willow St,2023-01-29
110,7200.0,720.0,7920.0,30,Daniel,Martin,daniel.martin@example.com,654 Elm St,2023-01-30
111,6000.0,600.0,6600.0,31,Ella,Thompson,ella.thompson@example.com,987 Cedar St,2023-01-31
112,3100.0,310.0,3410.0,1,Alice,Smith,alice.smith@example.com,123 Main St,2024-02-01
113,4500.0,450.0,4950.0,2,Bob,Johnson,bob.johnson@example.com,456 Elm St,2024-02-02
114,3200.0,320.0,3520.0,3,Charlie,Williams,charlie.williams@example.com,789 Oak St,2024-02-03
115,4200.0,420.0,4620.0,4,Diana,Jones,diana.jones@example.com,321 Pine St,2024-02-04
116,6000.0,600.0,6600.0,5,Ethan,Brown,ethan.brown@example.com,654 Maple St,2024-02-05
117,3700.0,370.0,4070.0,6,Fiona,Davis,fiona.davis@example.com,987 Cedar St,2024-02-06
118,5300.0,530.0,5830.0,7,George,Garcia,george.garcia@example.com,159 Birch St,2024-02-07
119,6900.0,690.0,7590.0,8,Hannah,Martinez,hannah.martinez@example.com,753 Fir St,2024-02-08
120,7200.0,720.0,7920.0,9,Ian,Hernandez,ian.hernandez@example.com,852 Spruce St,2024-02-09
121,6400.0,640.0,7040.0,10,Julia,Lopez,julia.lopez@example.com,951 Oak St,2024-02-10
122,4500.0,450.0,4950.0,11,Kevin,Clark,kevin.clark@example.com,321 Willow St,2024-02-11
123,5000.0,500.0,5500.0,12,Liam,Rodriguez,liam.rodriguez@example.com,654 Elm St,2024-02-12
124,3700.0,370.0,4070.0,13,Mia,Johnson,mia.johnson@example.com,987 Cedar St,2024-02-13
125,5600.0,560.0,6160.0,14,Noah,Thompson,noah.thompson@example.com,753 Fir St,2024-02-14
126,6400.0,640.0,7040.0,15,Olivia,Martin,olivia.martin@example.com,852 Spruce St,2024-02-15
127,5300.0,530.0,5830.0,16,Paul,Brown,paul.brown@example.com,951 Oak St,2024-02-16
128,3800.0,380.0,4180.0,17,Quinn,Davis,quinn.davis@example.com,321 Willow St,2024-02-17
129,4500.0,450.0,4950.0,18,Rita,Garcia,rita.garcia@example.com,654 Elm St,2024-02-18
130,4200.0,420.0,4620.0,19,Sam,Hernandez,sam.hernandez@example.com,987 Cedar St,2024-02-19
131,5100.0,510.0,5610.0,20,Tina,Lopez,tina.lopez@example.com,753 Fir St,2024-02-20
132,6900.0,690.0,7590.0,21,Uma,Martinez,uma.martinez@example.com,852 Spruce St,2024-02-21
133,5600.0,560.0,6160.0,22,Vera,Clark,vera.clark@example.com,951 Oak St,2024-02-22
134,4200.0,420.0,4620.0,23,Will,Thompson,will.thompson@example.com,321 Willow St,2024-02-23
135,3900.0,390.0,4290.0,24,Xena,Garcia,xena.garcia@example.com,654 Elm St,2024-02-24
136,6500.0,650.0,7150.0,25,Yara,Brown,yara.brown@example.com,987 Cedar St,2024-02-25
137,7000.0,700.0,7700.0,26,Zach,Johnson,zach.johnson@example.com,753 Fir St,2024-02-26
138,6400.0,640.0,7040.0,27,Anna,Rodriguez,anna.rodriguez@example.com,852 Spruce St,2024-02-27
139,3700.0,370.0,4070.0,28,Brian,Davis,brian.davis@example.com,951 Oak St,2024-02-28
140,3100.0,310.0,3410.0,1,Alice,Smith,alice.smith@example.com,123 Main St,2023-02-01
141,4500.0,450.0,4950.0,2,Bob,Johnson,bob.johnson@example.com,456 Elm St,2023-02-02
142,3200.0,320.0,3520.0,3,Charlie,Williams,charlie.williams@example.com,789 Oak St,2023-02-03
143,4200.0,420.0,4620.0,4,Diana,Jones,diana.jones@example.com,321 Pine St,2023-02-04
144,6000.0,600.0,6600.0,5,Ethan,Brown,ethan.brown@example.com,654 Maple St,2023-02-05
145,3700.0,370.0,4070.0,6,Fiona,Davis,fiona.davis@example.com,987 Cedar St,2023-02-06
146,5300.0,530.0,5830.0,7,George,Garcia,george.garcia@example.com,159 Birch St,2023-02-07
147,6900.0,690.0,7590.0,8,Hannah,Martinez,hannah.martinez@example.com,753 Fir St,2023-02-08
148,7200.0,720.0,7920.0,9,Ian,Hernandez,ian.hernandez@example.com,852 Spruce St,2023-02-09
149,6400.0,640.0,7040.0,10,Julia,Lopez,julia.lopez@example.com,951 Oak St,2023-02-10
150,4500.0,450.0,4950.0,11,Kevin,Clark,kevin.clark@example.com,321 Willow St,2023-02-11
151,5000.0,500.0,5500.0,12,Liam,Rodriguez,liam.rodriguez@example.com,654 Elm St,2023-02-12
152,3700.0,370.0,4070.0,13,Mia,Johnson,mia.johnson@example.com,987 Cedar St,2023-02-13
153,5600.0,560.0,6160.0,14,Noah,Thompson,noah.thompson@example.com,753 Fir St,2023-02-14
154,6400.0,640.0,7040.0,15,Olivia,Martin,olivia.martin@example.com,852 Spruce St,2023-02-15
155,5300.0,530.0,5830.0,16,Paul,Brown,paul.brown@example.com,951 Oak St,2023-02-16
156,3800.0,380.0,4180.0,17,Quinn,Davis,quinn.davis@example.com,321 Willow St,2023-02-17
157,4500.0,450.0,4950.0,18,Rita,Garcia,rita.garcia@example.com,654 Elm St,2023-02-18
158,4200.0,420.0,4620.0,19,Sam,Hernandez,sam.hernandez@example.com,987 Cedar St,2023-02-19
159,5100.0,510.0,5610.0,20,Tina,Lopez,tina.lopez@example.com,753 Fir St,2023-02-20
160,6900.0,690.0,7590.0,21,Uma,Martinez,uma.martinez@example.com,852 Spruce St,2023-02-21
161,5600.0,560.0,6160.0,22,Vera,Clark,vera.clark@example.com,951 Oak St,2023-02-22
162,4200.0,420.0,4620.0,23,Will,Thompson,will.thompson@example.com,321 Willow St,2023-02-23
163,3900.0,390.0,4290.0,24,Xena,Garcia,xena.garcia@example.com,654 Elm St,2023-02-24
164,6500.0,650.0,7150.0,25,Yara,Brown,yara.brown@example.com,987 Cedar St,2023-02-25
165,7000.0,700.0,7700.0,26,Zach,Johnson,zach.johnson@example.com,753 Fir St,2023-02-26
166,6400.0,640.0,7040.0,27,Anna,Rodriguez,anna.rodriguez@example.com,852 Spruce St,2023-02-27
167,3700.0,370.0,4070.0,28,Brian,Davis,brian.davis@example.com,951 Oak St,2023-02-28
168,5000.0,500.0,5500.0,1,Alice,Smith,alice.smith@example.com,123 Main St,2023-03-01
169,5000.0,500.0,5500.0,2,Bob,Johnson,bob.johnson@example.com,456 Elm St,2023-03-02
170,5000.0,500.0,5500.0,3,Charlie,Williams,charlie.williams@example.com,789 Oak St,2023-03-03
171,5000.0,500.0,5500.0,4,Diana,Jones,diana.jones@example.com,321 Pine St,2023-03-04
172,5000.0,500.0,5500.0,5,Ethan,Brown,ethan.brown@example.com,654 Maple St,2023-03-05
173,5000.0,500.0,5500.0,6,Fiona,Davis,fiona.davis@example.com,987 Cedar St,2023-03-06
174,5000.0,500.0,5500.0,7,George,Garcia,george.garcia@example.com,159 Birch St,2023-03-07
175,5000.0,500.0,5500.0,8,Hannah,Martinez,hannah.martinez@example.com,753 Fir St,2023-03-08
176,5000.0,500.0,5500.0,9,Ian,Hernandez,ian.hernandez@example.com,852 Spruce St,2023-03-09
177,5000.0,500.0,5500.0,10,Julia,Lopez,julia.lopez@example.com,951 Oak St,2023-03-10
178,5000.0,500.0,5500.0,11,Kevin,Clark,kevin.clark@example.com,321 Willow St,2023-03-11
179,5000.0,500.0,5500.0,12,Liam,Rodriguez,liam.rodriguez@example.com,654 Elm St,2023-03-12
180,5000.0,500.0,5500.0,13,Mia,Johnson,mia.johnson@example.com,987 Cedar St,2023-03-13
181,5000.0,500.0,5500.0,14,Noah,Thompson,noah.thompson@example.com,753 Fir St,2023-03-14
182,5000.0,500.0,5500.0,15,Olivia,Martin,olivia.martin@example.com,852 Spruce St,2023-03-15
183,5000.0,500.0,5500.0,16,Paul,Brown,paul.brown@example.com,951 Oak St,2023-03-16
184,5000.0,500.0,5500.0,17,Quinn,Davis,quinn.davis@example.com,321 Willow St,2023-03-17
185,5000.0,500.0,5500.0,18,Rita,Garcia,rita.garcia@example.com,654 Elm St,2023-03-18
186,5000.0,500.0,5500.0,19,Sam,Hernandez,sam.hernandez@example.com,987 Cedar St,2023-03-19
187,5000.0,500.0,5500.0,20,Tina,Lopez,tina.lopez@example.com,753 Fir St,2023-03-20
188,5000.0,500.0,5500.0,21,Uma,Martinez,uma.martinez@example.com,852 Spruce St,2023-03-21
189,5000.0,500.0,5500.0,22,Vera,Clark,vera.clark@example.com,951 Oak St,2023-03-22
190,5000.0,500.0,5500.0,23,Will,Thompson,will.thompson@example.com,321 Willow St,2023-03-23
191,5000.0,500.0,5500.0,24,Xena,Garcia,xena.garcia@example.com,654 Elm St,2023-03-24
192,5000.0,500.0,5500.0,25,Yara,Brown,yara.brown@example.com,987 Cedar St,2023-03-25
193,5000.0,500.0,5500.0,26,Zach,Johnson,zach.johnson@example.com,753 Fir St,2023-03-26
194,5000.0,500.0,5500.0,27,Anna,Rodriguez,anna.rodriguez@example.com,852 Spruce St,2023-03-27
195,5000.0,500.0,5500.0,28,Brian,Davis,brian.davis@example.com,951 Oak St,2023-03-28
196,5000.0,500.0,5500.0,29,Cathy,Lee,cathy.lee@example.com,159 Birch St,2023-03-29
197,5000.0,500.0,5500.0,30,Derek,Kim,derek.kim@example.com,654 Maple St,2023-03-30
198,5000.0,500.0,5500.0,31,Emma,Nguyen,emma.nguyen@example.com,789 Oak St,2023-03-31
199,4800.0,480.0,5280.0,1,Alice,Smith,alice.smith@example.com,123 Main St,2023-04-01
200,3500.0,350.0,3850.0,2,Bob,Johnson,bob.johnson@example.com,456 Elm St,2023-04-02
201,2900.0,290.0,3190.0,3,Charlie,Williams,charlie.williams@example.com,789 Oak St,2023-04-03
202,4000.0,400.0,4400.0,4,Diana,Jones,diana.jones@example.com,321 Pine St,2023-04-04
203,2200.0,220.0,2420.0,5,Ethan,Brown,ethan.brown@example.com,654 Maple St,2023-04-05
204,4500.0,450.0,4950.0,6,Fiona,Davis,fiona.davis@example.com,987 Cedar St,2023-04-06
205,3100.0,310.0,3410.0,7,George,Garcia,george.garcia@example.com,159 Birch St,2023-04-07
206,3700.0,370.0,4070.0,8,Hannah,Martinez,hannah.martinez@example.com,753 Fir St,2023-04-08
207,4200.0,420.0,4620.0,9,Ian,Hernandez,ian.hernandez@example.com,852 Spruce St,2023-04-09
208,1800.0,180.0,1980.0,10,Julia,Lopez,julia.lopez@example.com,951 Oak St,2023-04-10
209,3600.0,360.0,3960.0,11,Kevin,Clark,kevin.clark@example.com,321 Willow St,2023-04-11
210,2600.0,260.0,2860.0,12,Liam,Rodriguez,liam.rodriguez@example.com,654 Elm St,2023-04-12
211,4800.0,480.0,5280.0,13,Mia,Johnson,mia.johnson@example.com,987 Cedar St,2023-04-13
212,2900.0,290.0,3190.0,14,Noah,Thompson,noah.thompson@example.com,753 Fir St,2023-04-14
213,3700.0,370.0,4070.0,15,Olivia,Martin,olivia.martin@example.com,852 Spruce St,2023-04-15
214,4500.0,450.0,4950.0,16,Paul,Brown,paul.brown@example.com,951 Oak St,2023-04-16
215,3900.0,390.0,4290.0,17,Quinn,Davis,quinn.davis@example.com,321 Willow St,2023-04-17
216,4700.0,470.0,5170.0,18,Rita,Garcia,rita.garcia@example.com,654 Elm St,2023-04-18
217,3100.0,310.0,3410.0,19,Sam,Hernandez,sam.hernandez@example.com,987 Cedar St,2023-04-19
218,2500.0,250.0,2750.0,20,Tina,Lopez,tina.lopez@example.com,753 Fir St,2023-04-20
219,3300.0,330.0,3630.0,21,Uma,Martinez,uma.martinez@example.com,852 Spruce St,2023-04-21
220,2200.0,220.0,2420.0,22,Vera,Clark,vera.clark@example.com,951 Oak St,2023-04-22
221,3600.0,360.0,3960.0,23,Will,Thompson,will.thompson@example.com,321 Willow St,2023-04-23
222,4300.0,430.0,4730.0,24,Xena,Garcia,xena.garcia@example.com,654 Elm St,2023-04-24
223,2800.0,280.0,3080.0,25,Yara,Brown,yara.brown@example.com,987 Cedar St,2023-04-25
224,3300.0,330.0,3630.0,26,Zach,Johnson,zach.johnson@example.com,753 Fir St,2023-04-26
225,3900.0,390.0,4290.0,27,Anna,Rodriguez,anna.rodriguez@example.com,852 Spruce St,2023-04-27
226,3700.0,370.0,4070.0,28,Brian,Davis,brian.davis@example.com,951 Oak St,2023-04-28
227,4100.0,410.0,4510.0,29,Cathy,Lee,cathy.lee@example.com,159 Birch St,2023-04-29
228,2900.0,290.0,3190.0,30,Derek,Kim,derek.kim@example.com,654 Maple St,2023-04-30
229,2100.0,210.0,2310.0,1,Alice,Smith,alice.smith@example.com,123 Main St,2023-05-01
230,3400.0,340.0,3740.0,2,Bob,Johnson,bob.johnson@example.com,456 Elm St,2023-05-02
231,4500.0,450.0,4950.0,3,Charlie,Williams,charlie.williams@example.com,789 Oak St,2023-05-03
232,3800.0,380.0,4180.0,4,Diana,Jones,diana.jones@example.com,321 Pine St,2023-05-04
233,2900.0,290.0,3190.0,5,Ethan,Brown,ethan.brown@example.com,654 Maple St,2023-05-05
234,2500.0,250.0,2750.0,6,Fiona,Davis,fiona.davis@example.com,987 Cedar St,2023-05-06
235,3600.0,360.0,3960.0,7,George,Garcia,george.garcia@example.com,159 Birch St,2023-05-07
236,4300.0,430.0,4730.0,8,Hannah,Martinez,hannah.martinez@example.com,753 Fir St,2023-05-08
237,2900.0,290.0,3190.0,9,Ian,Hernandez,ian.hernandez@example.com,852 Spruce St,2023-05-09
238,2200.0,220.0,2420.0,10,Julia,Lopez,julia.lopez@example.com,951 Oak St,2023-05-10
239,3100.0,310.0,3410.0,11,Kevin,Clark,kevin.clark@example.com,321 Willow St,2023-05-11
240,2800.0,280.0,3080.0,12,Liam,Rodriguez,liam.rodriguez@example.com,654 Elm St,2023-05-12
241,4500.0,450.0,4950.0,13,Mia,Johnson,mia.johnson@example.com,987 Cedar St,2023-05-13
242,3300.0,330.0,3630.0,14,Noah,Thompson,noah.thompson@example.com,753 Fir St,2023-05-14
243,2600.0,260.0,2860.0,15,Olivia,Martin,olivia.martin@example.com,852 Spruce St,2023-05-15
244,3700.0,370.0,4070.0,16,Paul,Brown,paul.brown@example.com,951 Oak St,2023-05-16
245,4000.0,400.0,4400.0,17,Quinn,Davis,quinn.davis@example.com,159 Birch St,2023-05-17
246,2900.0,290.0,3190.0,18,Rita,Garcia,rita.garcia@example.com,654 Elm St,2023-05-18
247,3400.0,340.0,3740.0,19,Sam,Hernandez,sam.hernandez@example.com,987 Cedar St,2023-05-19
248,1800.0,180.0,1980.0,20,Tina,Lopez,tina.lopez@example.com,753 Fir St,2023-05-20
249,4200.0,420.0,4620.0,21,Uma,Martinez,uma.martinez@example.com,852 Spruce St,2023-05-21
250,3900.0,390.0,4290.0,22,Vera,Clark,vera.clark@example.com,951 Oak St,2023-05-22
251,3100.0,310.0,3410.0,23,Will,Thompson,will.thompson@example.com,321 Willow St,2023-05-23
252,3600.0,360.0,3960.0,24,Xena,Garcia,xena.garcia@example.com,654 Elm St,2023-05-24
253,4500.0,450.0,4950.0,25,Yara,Brown,yara.brown@example.com,987 Cedar St,2023-05-25
254,2000.0,200.0,2200.0,26,Zach,Johnson,zach.johnson@example.com,753 Fir St,2023-05-26
255,2800.0,280.0,3080.0,27,Anna,Rodriguez,anna.rodriguez@example.com,852 Spruce St,2023-05-27
256,3000.0,300.0,3300.0,28,Brian,Davis,brian.davis@example.com,951 Oak St,2023-05-28
257,3700.0,370.0,4070.0,29,Cathy,Lee,cathy.lee@example.com,159 Birch St,2023-05-29
258,2200.0,220.0,2420.0,30,Derek,Kim,derek.kim@example.com,654 Maple St,2023-05-30
259,2100.0,210.0,2310.0,1,Alice,Smith,alice.smith@example.com,123 Main St,2023-06-01
260,3800.0,380.0,4180.0,2,Bob,Johnson,bob.johnson@example.com,456 Elm St,2023-06-02
261,4500.0,450.0,4950.0,3,Charlie,Williams,charlie.williams@example.com,789 Oak St,2023-06-03
262,2900.0,290.0,3190.0,4,Diana,Jones,diana.jones@example.com,321 Pine St,2023-06-04
263,3600.0,360.0,3960.0,5,Ethan,Brown,ethan.brown@example.com,654 Maple St,2023-06-05
264,2400.0,240.0,2640.0,6,Fiona,Davis,fiona.davis@example.com,987 Cedar St,2023-06-06
265,3000.0,300.0,3300.0,7,George,Garcia,george.garcia@example.com,159 Birch St,2023-06-07
266,3100.0,310.0,3410.0,8,Hannah,Martinez,hannah.martinez@example.com,753 Fir St,2023-06-08
267,1800.0,180.0,1980.0,9,Ian,Hernandez,ian.hernandez@example.com,852 Spruce St,2023-06-09
268,2900.0,290.0,3190.0,10,Julia,Lopez,julia.lopez@example.com,951 Oak St,2023-06-10
269,3300.0,330.0,3630.0,11,Kevin,Clark,kevin.clark@example.com,321 Willow St,2023-06-11
270,4500.0,450.0,4950.0,12,Liam,Rodriguez,liam.rodriguez@example.com,654 Elm St,2023-06-12
271,2700.0,270.0,2970.0,13,Mia,Johnson,mia.johnson@example.com,987 Cedar St,2023-06-13
272,3600.0,360.0,3960.0,14,Noah,Thompson,noah.thompson@example.com,753 Fir St,2023-06-14
273,4000.0,400.0,4400.0,15,Olivia,Martin,olivia.martin@example.com,852 Spruce St,2023-06-15
274,3500.0,350.0,3850.0,16,Paul,Brown,paul.brown@example.com,951 Oak St,2023-06-16
275,3800.0,380.0,4180.0,17,Quinn,Davis,quinn.davis@example.com,159 Birch St,2023-06-17
276,2400.0,240.0,2640.0,18,Rita,Garcia,rita.garcia@example.com,654 Elm St,2023-06-18
277,2200.0,220.0,2420.0,19,Sam,Hernandez,sam.hernandez@example.com,987 Cedar St,2023-06-19
278,4000.0,400.0,4400.0,20,Tina,Lopez,tina.lopez@example.com,753 Fir St,2023-06-20
279,2700.0,270.0,2970.0,21,Uma,Martinez,uma.martinez@example.com,852 Spruce St,2023-06-21
280,2900.0,290.0,3190.0,22,Vera,Clark,vera.clark@example.com,951 Oak St,2023-06-22
281,1800.0,180.0,1980.0,23,Will,Thompson,will.thompson@example.com,321 Willow St,2023-06-23
282,2100.0,210.0,2310.0,24,Xena,Garcia,xena.garcia@example.com,654 Elm St,2023-06-24
283,4200.0,420.0,4620.0,25,Yara,Brown,yara.brown@example.com,987 Cedar St,2023-06-25
284,2400.0,240.0,2640.0,26,Zach,Johnson,zach.johnson@example.com,753 Fir St,2023-06-26
285,2800.0,280.0,3080.0,27,Anna,Rodriguez,anna.rodriguez@example.com,852 Spruce St,2023-06-27
286,3100.0,310.0,3410.0,28,Brian,Davis,brian.davis@example.com,951 Oak St,2023-06-28
287,3500.0,350.0,3850.0,29,Cathy,Lee,cathy.lee@example.com,159 Birch St,2023-06-29
288,4600.0,460.0,5060.0,30,Derek,Kim,derek.kim@example.com,654 Maple St,2023-06-30
289,2000.0,200.0,2200.0,1,Alice,Smith,alice.smith@example.com,123 Main St,2023-07-01
290,3900.0,390.0,4290.0,2,Bob,Johnson,bob.johnson@example.com,456 Elm St,2023-07-02
291,3000.0,300.0,3300.0,3,Charlie,Williams,charlie.williams@example.com,789 Oak St,2023-07-03
292,4500.0,450.0,4950.0,4,Diana,Jones,diana.jones@example.com,321 Pine St,2023-07-04
293,2800.0,280.0,3080.0,5,Ethan,Brown,ethan.brown@example.com,654 Maple St,2023-07-05
294,2400.0,240.0,2640.0,6,Fiona,Davis,fiona.davis@example.com,987 Cedar St,2023-07-06
295,3100.0,310.0,3410.0,7,George,Garcia,george.garcia@example.com,159 Birch St,2023-07-07
296,3200.0,320.0,3520.0,8,Hannah,Martinez,hannah.martinez@example.com,753 Fir St,2023-07-08
297,1900.0,190.0,2090.0,9,Ian,Hernandez,ian.hernandez@example.com,852 Spruce St,2023-07-09
298,2100.0,210.0,2310.0,10,Julia,Lopez,julia.lopez@example.com,951 Oak St,2023-07-10
299,4500.0,450.0,4950.0,11,Kevin,Clark,kevin.clark@example.com,321 Willow St,2023-07-11
300,2900.0,290.0,3190.0,12,Mia,Johnson,mia.johnson@example.com,654 Elm St,2023-07-12
301,2300.0,230.0,2530.0,13,Noah,Thompson,noah.thompson@example.com,987 Cedar St,2023-07-13
302,2700.0,270.0,2970.0,14,Olivia,Martin,olivia.martin@example.com,753 Fir St,2023-07-14
303,4000.0,400.0,4400.0,15,Paul,Brown,paul.brown@example.com,852 Spruce St,2023-07-15
304,3500.0,350.0,3850.0,16,Quinn,Davis,quinn.davis@example.com,951 Oak St,2023-07-16
305,3700.0,370.0,4070.0,17,Rita,Garcia,rita.garcia@example.com,159 Birch St,2023-07-17
306,3100.0,310.0,3410.0,18,Sam,Hernandez,sam.hernandez@example.com,654 Elm St,2023-07-18
307,2800.0,280.0,3080.0,19,Tina,Lopez,tina.lopez@example.com,987 Cedar St,2023-07-19
308,4200.0,420.0,4620.0,20,Uma,Martinez,uma.martinez@example.com,753 Fir St,2023-07-20
309,1800.0,180.0,1980.0,21,Vera,Clark,vera.clark@example.com,852 Spruce St,2023-07-21
310,2400.0,240.0,2640.0,22,Will,Thompson,will.thompson@example.com,951 Oak St,2023-07-22
311,2600.0,260.0,2860.0,23,Xena,Garcia,xena.garcia@example.com,159 Birch St,2023-07-23
312,3000.0,300.0,3300.0,24,Yara,Brown,yara.brown@example.com,654 Elm St,2023-07-24
313,3900.0,390.0,4290.0,25,Zach,Johnson,zach.johnson@example.com,987 Cedar St,2023-07-25
314,2500.0,250.0,2750.0,26,Anna,Rodriguez,anna.rodriguez@example.com,753 Fir St,2023-07-26
315,2800.0,280.0,3080.0,27,Brian,Davis,brian.davis@example.com,852 Spruce St,2023-07-27
316,3200.0,320.0,3520.0,28,Cathy,Lee,cathy.lee@example.com,951 Oak St,2023-07-28
317,4100.0,410.0,4510.0,29,Derek,Kim,derek.kim@example.com,159 Birch St,2023-07-29
318,4500.0,450.0,4950.0,30,Ella,Wang,ella.wang@example.com,654 Maple St,2023-07-30
319,2300.0,230.0,2530.0,1,Alice,Smith,alice.smith@example.com,123 Main St,2023-08-01
320,4100.0,410.0,4510.0,2,Bob,Johnson,bob.johnson@example.com,456 Elm St,2023-08-02
321,2800.0,280.0,3080.0,3,Charlie,Williams,charlie.williams@example.com,789 Oak St,2023-08-03
322,3500.0,350.0,3850.0,4,Diana,Jones,diana.jones@example.com,321 Pine St,2023-08-04
323,2400.0,240.0,2640.0,5,Ethan,Brown,ethan.brown@example.com,654 Maple St,2023-08-05
324,3000.0,300.0,3300.0,6,Fiona,Davis,fiona.davis@example.com,987 Cedar St,2023-08-06
325,3600.0,360.0,3960.0,7,George,Garcia,george.garcia@example.com,159 Birch St,2023-08-07
326,2700.0,270.0,2970.0,8,Hannah,Martinez,hannah.martinez@example.com,753 Fir St,2023-08-08
327,1900.0,190.0,2090.0,9,Ian,Hernandez,ian.hernandez@example.com,852 Spruce St,2023-08-09
328,2200.0,220.0,2420.0,10,Julia,Lopez,julia.lopez@example.com,951 Oak St,2023-08-10
329,4300.0,430.0,4730.0,11,Kevin,Clark,kevin.clark@example.com,321 Willow St,2023-08-11
330,2900.0,290.0,3190.0,12,Mia,Johnson,mia.johnson@example.com,654 Elm St,2023-08-12
331,2300.0,230.0,2530.0,13,Noah,Thompson,noah.thompson@example.com,987 Cedar St,2023-08-13
332,3100.0,310.0,3410.0,14,Olivia,Martin,olivia.martin@example.com,753 Fir St,2023-08-14
333,3700.0,370.0,4070.0,15,Paul,Brown,paul.brown@example.com,852 Spruce St,2023-08-15
334,2500.0,250.0,2750.0,16,Quinn,Davis,quinn.davis@example.com,951 Oak St,2023-08-16
335,3200.0,320.0,3520.0,17,Rita,Garcia,rita.garcia@example.com,159 Birch St,2023-08-17
336,2800.0,280.0,3080.0,18,Sam,Hernandez,sam.hernandez@example.com,654 Elm St,2023-08-18
337,2400.0,240.0,2640.0,19,Tina,Lopez,tina.lopez@example.com,987 Cedar St,2023-08-19
338,4000.0,400.0,4400.0,20,Uma,Martinez,uma.martinez@example.com,753 Fir St,2023-08-20
339,1800.0,180.0,1980.0,21,Vera,Clark,vera.clark@example.com,852 Spruce St,2023-08-21
340,2700.0,270.0,2970.0,22,Will,Thompson,will.thompson@example.com,951 Oak St,2023-08-22
341,2900.0,290.0,3190.0,23,Xena,Garcia,xena.garcia@example.com,159 Birch St,2023-08-23
342,3300.0,330.0,3630.0,24,Yara,Brown,yara.brown@example.com,654 Elm St,2023-08-24
343,3900.0,390.0,4290.0,25,Zach,Johnson,zach.johnson@example.com,987 Cedar St,2023-08-25
344,2500.0,250.0,2750.0,26,Anna,Rodriguez,anna.rodriguez@example.com,753 Fir St,2023-08-26
345,2200.0,220.0,2420.0,27,Brian,Davis,brian.davis@example.com,852 Spruce St,2023-08-27
346,3500.0,350.0,3850.0,28,Cathy,Lee,cathy.lee@example.com,951 Oak St,2023-08-28
347,4100.0,410.0,4510.0,29,Derek,Kim,derek.kim@example.com,159 Birch St,2023-08-29
348,4500.0,450.0,4950.0,30,Ella,Wang,ella.wang@example.com,654 Maple St,2023-08-30
349,2300.0,230.0,2530.0,31,Alice,Smith,alice.smith@example.com,160 Maple St,2023-09-01
350,2800.0,280.0,3080.0,32,Bob,Johnson,bob.johnson@example.com,161 Maple St,2023-09-02
351,3200.0,320.0,3520.0,33,Charlie,Williams,charlie.williams@example.com,162 Maple St,2023-09-03
352,2500.0,250.0,2750.0,34,Daisy,Jones,daisy.jones@example.com,163 Maple St,2023-09-04
353,1900.0,190.0,2090.0,35,Ethan,Brown,ethan.brown@example.com,164 Maple St,2023-09-05
354,3300.0,330.0,3630.0,36,Fiona,Garcia,fiona.garcia@example.com,165 Maple St,2023-09-06
355,3700.0,370.0,4070.0,37,George,Martinez,george.martinez@example.com,166 Maple St,2023-09-07
356,4100.0,410.0,4510.0,38,Hannah,Lopez,hannah.lopez@example.com,167 Maple St,2023-09-08
357,4500.0,450.0,4950.0,39,Isaac,Gonzalez,isaac.gonzalez@example.com,168 Maple St,2023-09-09
358,2100.0,210.0,2310.0,40,Jack,Anderson,jack.anderson@example.com,169 Maple St,2023-09-10
359,3000.0,300.0,3300.0,41,Kelly,Taylor,kelly.taylor@example.com,170 Maple St,2023-09-11
360,3900.0,390.0,4290.0,42,Liam,Thomas,liam.thomas@example.com,171 Maple St,2023-09-12
361,2500.0,250.0,2750.0,43,Maya,Hernandez,maya.hernandez@example.com,172 Maple St,2023-09-13
362,3300.0,330.0,3630.0,44,Noah,Lee,noah.lee@example.com,173 Maple St,2023-09-14
363,3700.0,370.0,4070.0,45,Olivia,King,olivia.king@example.com,174 Maple St,2023-09-15
364,1800.0,180.0,1980.0,46,Paul,Scott,paul.scott@example.com,175 Maple St,2023-09-16
365,3100.0,310.0,3410.0,47,Quinn,Wright,quinn.wright@example.com,176 Maple St,2023-09-17
366,4300.0,430.0,4730.0,48,Rita,Robinson,rita.robinson@example.com,177 Maple St,2023-09-18
367,2500.0,250.0,2750.0,49,Sam,Clark,sam.clark@example.com,178 Maple St,2023-09-19
368,2900.0,290.0,3190.0,50,Tina,Young,tina.young@example.com,179 Maple St,2023-09-20
369,3200.0,320.0,3520.0,51,Uma,Allen,uma.allen@example.com,180 Maple St,2023-09-21
370,4000.0,400.0,4400.0,52,Vera,Hall,vera.hall@example.com,181 Maple St,2023-09-22
371,2700.0,270.0,2970.0,53,Will,Adams,will.adams@example.com,182 Maple St,2023-09-23
372,3900.0,390.0,4290.0,54,Xena,Baker,xena.baker@example.com,183 Maple St,2023-09-24
373,2100.0,210.0,2310.0,55,Yara,Gonzalez,yara.gonzalez@example.com,184 Maple St,2023-09-25
374,2600.0,260.0,2860.0,56,Zach,Nelson,zach.nelson@example.com,185 Maple St,2023-09-26
375,3500.0,350.0,3850.0,57,Alice,Carter,alice.carter@example.com,186 Maple St,2023-09-27
376,3300.0,330.0,3630.0,58,Bob,Mitchell,bob.mitchell@example.com,187 Maple St,2023-09-28
377,3000.0,300.0,3300.0,59,Charlie,Perez,charlie.perez@example.com,188 Maple St,2023-09-29
378,2800.0,280.0,3080.0,60,Daisy,Roberts,daisy.roberts@example.com,189 Maple St,2023-09-30
379,2300.0,230.0,2530.0,61,Ella,Flores,ella.flores@example.com,190 Pine St,2023-10-01
380,2900.0,290.0,3190.0,62,Frank,Rivera,frank.rivera@example.com,191 Pine St,2023-10-02
381,3600.0,360.0,3960.0,63,Grace,Cruz,grace.cruz@example.com,192 Pine St,2023-10-03
382,2100.0,210.0,2310.0,64,Henry,Foster,henry.foster@example.com,193 Pine St,2023-10-04
383,3800.0,380.0,4180.0,65,Isabella,Wright,isabella.wright@example.com,194 Pine St,2023-10-05
384,2200.0,220.0,2420.0,66,Jack,Cox,jack.cox@example.com,195 Pine St,2023-10-06
385,4500.0,450.0,4950.0,67,Liam,Howard,liam.howard@example.com,196 Pine St,2023-10-07
386,2700.0,270.0,2970.0,68,Mia,Ward,mia.ward@example.com,197 Pine St,2023-10-08
387,3200.0,320.0,3520.0,69,Noah,James,noah.james@example.com,198 Pine St,2023-10-09
388,2500.0,250.0,2750.0,70,Olivia,Harris,olivia.harris@example.com,199 Pine St,2023-10-10
389,3100.0,310.0,3410.0,71,Paul,Kim,paul.kim@example.com,200 Pine St,2023-10-11
390,2800.0,280.0,3080.0,72,Quinn,Bell,quinn.bell@example.com,201 Pine St,2023-10-12
391,2900.0,290.0,3190.0,73,Rita,Murphy,rita.murphy@example.com,202 Pine St,2023-10-13
392,3600.0,360.0,3960.0,74,Sam,Rivera,sam.rivera@example.com,203 Pine St,2023-10-14
393,2300.0,230.0,2530.0,75,Tina,Cook,tina.cook@example.com,204 Pine St,2023-10-15
394,2400.0,240.0,2640.0,76,Uma,Morgan,uma.morgan@example.com,205 Pine St,2023-10-16
395,3700.0,370.0,4070.0,77,Victor,Graham,victor.graham@example.com,206 Pine St,2023-10-17
396,3200.0,320.0,3520.0,78,Wendy,Sullivan,wendy.sullivan@example.com,207 Pine St,2023-10-18
397,1800.0,180.0,1980.0,79,Xena,Perry,xena.perry@example.com,208 Pine St,2023-10-19
398,2600.0,260.0,2860.0,80,Yara,Long,yara.long@example.com,209 Pine St,2023-10-20
399,2900.0,290.0,3190.0,81,Zoe,Bennett,zoe.bennett@example.com,210 Pine St,2023-10-21
400,3500.0,350.0,3850.0,82,Aaron,Hughes,aaron.hughes@example.com,211 Pine St,2023-10-22
401,3400.0,340.0,3740.0,83,Brittany,Fisher,brittany.fisher@example.com,212 Pine St,2023-10-23
402,2300.0,230.0,2530.0,84,Cameron,Cole,cameron.cole@example.com,213 Pine St,2023-10-24
403,1900.0,190.0,2090.0,85,Daphne,Reyes,daphne.reyes@example.com,214 Pine St,2023-10-25
404,2000.0,200.0,2200.0,86,Eli,Stewart,eli.stewart@example.com,215 Pine St,2023-10-26
405,2800.0,280.0,3080.0,87,Fiona,Morales,fiona.morales@example.com,216 Pine St,2023-10-27
406,3100.0,310.0,3410.0,88,Gavin,Woods,gavin.woods@example.com,217 Pine St,2023-10-28
407,3500.0,350.0,3850.0,89,Holly,Washington,holly.washington@example.com,218 Pine St,2023-10-29
408,4000.0,400.0,4400.0,90,Ian,Butler,ian.butler@example.com,219 Pine St,2023-10-30
409,2900.0,290.0,3190.0,91,Jess,Alexander,jess.alexander@example.com,220 Pine St,2023-10-31
410,3200.0,320.0,3520.0,92,Liam,Fisher,liam.fisher@example.com,221 Pine St,2023-11-01
411,2500.0,250.0,2750.0,93,Emma,Young,emma.young@example.com,222 Pine St,2023-11-02
412,4300.0,430.0,4730.0,94,Noah,Hernandez,noah.hernandez@example.com,223 Pine St,2023-11-03
413,2900.0,290.0,3190.0,95,Olivia,Scott,olivia.scott@example.com,224 Pine St,2023-11-04
414,1800.0,180.0,1980.0,96,Mason,Flores,mason.flores@example.com,225 Pine St,2023-11-05
415,2000.0,200.0,2200.0,97,Ava,Garcia,ava.garcia@example.com,226 Pine St,2023-11-06
416,4000.0,400.0,4400.0,98,Elijah,Martin,elijah.martin@example.com,227 Pine St,2023-11-07
417,3300.0,330.0,3630.0,99,Sophia,Lopez,sophia.lopez@example.com,228 Pine St,2023-11-08
418,2400.0,240.0,2640.0,100,James,Gonzalez,james.gonzalez@example.com,229 Pine St,2023-11-09
419,3900.0,390.0,4290.0,101,Isabella,Wilson,isabella.wilson@example.com,230 Pine St,2023-11-10
420,2800.0,280.0,3080.0,102,Benjamin,Anderson,benjamin.anderson@example.com,231 Pine St,2023-11-11
421,4500.0,450.0,4950.0,103,Mia,Thomas,mia.thomas@example.com,232 Pine St,2023-11-12
422,2200.0,220.0,2420.0,104,Lucas,Taylor,lucas.taylor@example.com,233 Pine St,2023-11-13
423,3500.0,350.0,3850.0,105,Charlotte,Lee,charlotte.lee@example.com,234 Pine St,2023-11-14
424,3300.0,330.0,3630.0,106,Henry,Martinez,henry.martinez@example.com,235 Pine St,2023-11-15
425,2600.0,260.0,2860.0,107,Amelia,Jackson,amelia.jackson@example.com,236 Pine St,2023-11-16
426,3500.0,350.0,3850.0,108,Alexander,White,alexander.white@example.com,237 Pine St,2023-11-17
427,3200.0,320.0,3520.0,109,Scarlett,Harris,scarlett.harris@example.com,238 Pine St,2023-11-18
428,2100.0,210.0,2310.0,110,Ethan,Clark,ethan.clark@example.com,239 Pine St,2023-11-19
429,3000.0,300.0,3300.0,111,Grace,Robinson,grace.robinson@example.com,240 Pine St,2023-11-20
430,1900.0,190.0,2090.0,112,Dylan,Lewis,dylan.lewis@example.com,241 Pine St,2023-11-21
431,2400.0,240.0,2640.0,113,Hannah,Lee,hannah.lee@example.com,242 Pine St,2023-11-22
432,3300.0,330.0,3630.0,114,Zoe,Walker,zoe.walker@example.com,243 Pine St,2023-11-23
433,2900.0,290.0,3190.0,115,Jason,Hall,jason.hall@example.com,244 Pine St,2023-11-24
434,4000.0,400.0,4400.0,116,Anna,Allen,anna.allen@example.com,245 Pine St,2023-11-25
435,3000.0,300.0,3300.0,117,Samuel,King,samuel.king@example.com,246 Pine St,2023-11-26
436,3800.0,380.0,4180.0,118,Victoria,Wright,victoria.wright@example.com,247 Pine St,2023-11-27
437,3100.0,310.0,3410.0,119,Chloe,Scott,chloe.scott@example.com,248 Pine St,2023-11-28
438,2100.0,210.0,2310.0,120,Owen,Adams,owen.adams@example.com,249 Pine St,2023-11-29
439,2600.0,260.0,2860.0,121,Lucy,Baker,lucy.baker@example.com,250 Pine St,2023-11-30
440,2700.0,270.0,2970.0,122,Liam,Miller,liam.miller@example.com,251 Oak St,2023-12-01
441,4200.0,420.0,4620.0,123,Emma,Davis,emma.davis@example.com,252 Oak St,2023-12-02
442,3500.0,350.0,3850.0,124,Noah,Garcia,noah.garcia@example.com,253 Oak St,2023-12-03
443,2900.0,290.0,3190.0,125,Olivia,Martinez,olivia.martinez@example.com,254 Oak St,2023-12-04
444,3100.0,310.0,3410.0,126,Mason,Rodriguez,mason.rodriguez@example.com,255 Oak St,2023-12-05
445,2000.0,200.0,2200.0,127,Ava,Wilson,ava.wilson@example.com,256 Oak St,2023-12-06
446,1800.0,180.0,1980.0,128,Elijah,Hernandez,elijah.hernandez@example.com,257 Oak St,2023-12-07
447,4600.0,460.0,5060.0,129,Sophia,Lopez,sophia.lopez@example.com,258 Oak St,2023-12-08
448,3000.0,300.0,3300.0,130,James,Gonzalez,james.gonzalez@example.com,259 Oak St,2023-12-09
449,3700.0,370.0,4070.0,131,Isabella,Young,isabella.young@example.com,260 Oak St,2023-12-10
450,2200.0,220.0,2420.0,132,Benjamin,Scott,benjamin.scott@example.com,261 Oak St,2023-12-11
451,4400.0,440.0,4840.0,133,Amelia,Adams,amelia.adams@example.com,262 Oak St,2023-12-12
452,2900.0,290.0,3190.0,134,Henry,King,henry.king@example.com,263 Oak St,2023-12-13
453,3400.0,340.0,3740.0,135,Charlotte,Baker,charlotte.baker@example.com,264 Oak St,2023-12-14
454,3100.0,310.0,3410.0,136,Alexander,Bell,alexander.bell@example.com,265 Oak St,2023-12-15
455,3800.0,380.0,4180.0,137,Scarlett,Lee,scarlett.lee@example.com,266 Oak St,2023-12-16
456,2000.0,200.0,2200.0,138,Ethan,Garcia,ethan.garcia@example.com,267 Oak St,2023-12-17
457,2500.0,250.0,2750.0,139,Hannah,Hernandez,hannah.hernandez@example.com,268 Oak St,2023-12-18
458,4600.0,460.0,5060.0,140,Zoe,Hall,zoe.hall@example.com,269 Oak St,2023-12-19
459,3200.0,320.0,3520.0,141,Owen,Martin,owen.martin@example.com,270 Oak St,2023-12-20
460,3900.0,390.0,4290.0,142,Lucy,Clark,lucy.clark@example.com,271 Oak St,2023-12-21
461,3100.0,310.0,3410.0,143,Samuel,Lewis,samuel.lewis@example.com,272 Oak St,2023-12-22
462,1800.0,180.0,1980.0,144,Victoria,Walker,victoria.walker@example.com,273 Oak St,2023-12-23
463,2200.0,220.0,2420.0,145,Chloe,Young,chloe.young@example.com,274 Oak St,2023-12-24
464,2800.0,280.0,3080.0,146,Dylan,Hill,dylan.hill@example.com,275 Oak St,2023-12-25
465,4500.0,450.0,4950.0,147,Jason,Wright,jason.wright@example.com,276 Oak St,2023-12-26
466,3500.0,350.0,3850.0,148,Anna,Perez,anna.perez@example.com,277 Oak St,2023-12-27
467,3900.0,390.0,4290.0,149,Henry,Robinson,henry.robinson@example.com,278 Oak St,2023-12-28
468,2400.0,240.0,2640.0,150,Emily,Thompson,emily.thompson@example.com,279 Oak St,2023-12-29
469,2200.0,220.0,2420.0,151,Evelyn,Martinez,evelyn.martinez@example.com,280 Oak St,2023-12-30
470,3000.0,300.0,3300.0,152,Jack,Garcia,jack.garcia@example.com,281 Oak St,2023-12-31
471,4000.0,400.0,4400.0,153,Lucas,Anderson,lucas.anderson@example.com,281 Pine St,2024-01-01
472,3000.0,300.0,3300.0,154,Mia,Nelson,mia.nelson@example.com,282 Pine St,2024-01-02
473,2500.0,250.0,2750.0,155,Aiden,Carter,aiden.carter@example.com,283 Pine St,2024-01-03
474,3600.0,360.0,3960.0,156,Sofia,Mitchell,sofia.mitchell@example.com,284 Pine St,2024-01-04
475,1800.0,180.0,1980.0,157,Carter,Perez,carter.perez@example.com,285 Pine St,2024-01-05
476,4200.0,420.0,4620.0,158,Harper,Roberts,harper.roberts@example.com,286 Pine St,2024-01-06
477,3100.0,310.0,3410.0,159,Sebastian,Turner,sebastian.turner@example.com,287 Pine St,2024-01-07
478,2900.0,290.0,3190.0,160,Ella,Phillips,ella.phillips@example.com,288 Pine St,2024-01-08
479,2700.0,270.0,2970.0,161,Logan,Campbell,logan.campbell@example.com,289 Pine St,2024-01-09
480,5000.0,500.0,5500.0,162,Aria,Parker,aria.parker@example.com,290 Pine St,2024-01-10
481,4500.0,450.0,4950.0,163,Oliver,Evans,oliver.evans@example.com,291 Pine St,2024-01-11
482,3200.0,320.0,3520.0,164,Scarlett,Edwards,scarlett.edwards@example.com,292 Pine St,2024-01-12
483,4300.0,430.0,4730.0,165,Isaac,Collins,isaac.collins@example.com,293 Pine St,2024-01-13
484,2500.0,250.0,2750.0,166,Grace,Stewart,grace.stewart@example.com,294 Pine St,2024-01-14
485,3000.0,300.0,3300.0,167,Jack,Sanchez,jack.sanchez@example.com,295 Pine St,2024-01-15
486,4200.0,420.0,4620.0,168,Chloe,Moreno,chloe.moreno@example.com,296 Pine St,2024-01-16
487,2800.0,280.0,3080.0,169,Elijah,Bennett,elijah.bennett@example.com,297 Pine St,2024-01-17
488,3700.0,370.0,4070.0,170,Zoe,James,zoe.james@example.com,298 Pine St,2024-01-18
489,3900.0,390.0,4290.0,171,Henry,Watson,henry.watson@example.com,299 Pine St,2024-01-19
490,1800.0,180.0,1980.0,172,Addison,Gray,addison.gray@example.com,300 Pine St,2024-01-20
491,3400.0,340.0,3740.0,173,Nathan,Hughes,nathan.hughes@example.com,301 Pine St,2024-01-21
492,2600.0,260.0,2860.0,174,Victoria,Flores,victoria.flores@example.com,302 Pine St,2024-01-22
493,4000.0,400.0,4400.0,175,Dylan,Kelly,dylan.kelly@example.com,303 Pine St,2024-01-23
494,3100.0,310.0,3410.0,176,Ava,Price,ava.price@example.com,304 Pine St,2024-01-24
495,2800.0,280.0,3080.0,177,Matthew,Rivera,matthew.rivera@example.com,305 Pine St,2024-01-25
496,4500.0,450.0,4950.0,178,Hannah,Cooper,hannah.cooper@example.com,306 Pine St,2024-01-26
497,1900.0,190.0,2090.0,179,Owen,Richardson,owen.richardson@example.com,307 Pine St,2024-01-27
498,4700.0,470.0,5170.0,180,Emily,Cox,emily.cox@example.com,308 Pine St,2024-01-28
499,3500.0,350.0,3850.0,181,Elena,Howard,elena.howard@example.com,309 Pine St,2024-01-29
500,4000.0,400.0,4400.0,182,James,Ward,james.ward@example.com,310 Pine St,2024-01-30
501,4500.0,450.0,4950.0,183,Abigail,Torres,abigail.torres@example.com,311 Pine St,2024-01-31
502,3200.0,320.0,3520.0,184,Liam,Wood,liam.wood@example.com,311 Maple St,2024-03-01
503,3700.0,370.0,4070.0,185,Emma,Ross,emma.ross@example.com,312 Maple St,2024-03-02
504,4400.0,440.0,4840.0,186,William,Flores,william.flores@example.com,313 Maple St,2024-03-03
505,2500.0,250.0,2750.0,187,Ava,Hernandez,ava.hernandez@example.com,314 Maple St,2024-03-04
506,4900.0,490.0,5390.0,188,Noah,Lopez,noah.lopez@example.com,315 Maple St,2024-03-05
507,3800.0,380.0,4180.0,189,Olivia,Gonzalez,olivia.gonzalez@example.com,316 Maple St,2024-03-06
508,2100.0,210.0,2310.0,190,James,Sanchez,james.sanchez@example.com,317 Maple St,2024-03-07
509,4300.0,430.0,4730.0,191,Sophia,Martinez,sophia.martinez@example.com,318 Maple St,2024-03-08
510,3600.0,360.0,3960.0,192,Benjamin,Perez,benjamin.perez@example.com,319 Maple St,2024-03-09
511,2800.0,280.0,3080.0,193,Mia,Jones,mia.jones@example.com,320 Maple St,2024-03-10
512,3900.0,390.0,4290.0,194,Lucas,Carter,lucas.carter@example.com,321 Maple St,2024-03-11
513,4100.0,410.0,4510.0,195,Isabella,Murphy,isabella.murphy@example.com,322 Maple St,2024-03-12
514,4500.0,450.0,4950.0,196,Elijah,Griffin,elijah.griffin@example.com,323 Maple St,2024-03-13
515,2800.0,280.0,3080.0,197,Zoe,Cooper,zoe.cooper@example.com,324 Maple St,2024-03-14
516,3600.0,360.0,3960.0,198,Henry,Long,henry.long@example.com,325 Maple St,2024-03-15
517,3200.0,320.0,3520.0,199,Harper,Alexander,harper.alexander@example.com,326 Maple St,2024-03-16
518,4900.0,490.0,5390.0,200,Sebastian,Wright,sebastian.wright@example.com,327 Maple St,2024-03-17
519,4500.0,450.0,4950.0,201,Ella,Hall,ella.hall@example.com,328 Maple St,2024-03-18
520,3900.0,390.0,4290.0,202,Oliver,Young,oliver.young@example.com,329 Maple St,2024-03-19
521,2200.0,220.0,2420.0,203,Grace,Hernandez,grace.hernandez@example.com,330 Maple St,2024-03-20
522,2800.0,280.0,3080.0,204,Jack,Green,jack.green@example.com,331 Maple St,2024-03-21
523,5000.0,500.0,5500.0,205,Sofia,Nelson,sofia.nelson@example.com,332 Maple St,2024-03-22
524,3200.0,320.0,3520.0,206,Dylan,Harris,dylan.harris@example.com,333 Maple St,2024-03-23
525,3700.0,370.0,4070.0,207,Chloe,Reyes,chloe.reyes@example.com,334 Maple St,2024-03-24
526,3900.0,390.0,4290.0,208,Matthew,Lopez,matthew.lopez@example.com,335 Maple St,2024-03-25
527,2600.0,260.0,2860.0,209,Emily,Martin,emily.martin@example.com,336 Maple St,2024-03-26
528,4200.0,420.0,4620.0,210,Benjamin,Wright,benjamin.wright@example.com,337 Maple St,2024-03-27
529,4300.0,430.0,4730.0,211,Mia,Clark,mia.clark@example.com,338 Maple St,2024-03-28
530,2500.0,250.0,2750.0,212,Aiden,Rodriguez,aiden.rodriguez@example.com,339 Maple St,2024-03-29
531,1800.0,180.0,1980.0,213,Zoe,Ramirez,zoe.ramirez@example.com,340 Maple St,2024-03-30
532,4400.0,440.0,4840.0,214,Jackson,Gonzalez,jackson.gonzalez@example.com,341 Maple St,2024-03-31
533,3550.0,355.0,3905.0,245,Lucas,Taylor,lucas.taylor@example.com,371 Maple St,2024-05-01
534,4750.0,475.0,5225.0,246,Ava,Anderson,ava.anderson@example.com,372 Maple St,2024-05-02
535,4500.0,450.0,4950.0,247,Ethan,Thomas,ethan.thomas@example.com,373 Maple St,2024-05-03
536,2900.0,290.0,3190.0,248,Sophia,Jackson,sophia.jackson@example.com,374 Maple St,2024-05-04
537,5100.0,510.0,5610.0,249,Elijah,White,elijah.white@example.com,375 Maple St,2024-05-05
538,6200.0,620.0,6820.0,250,Mia,Harris,mia.harris@example.com,376 Maple St,2024-05-06
539,3900.0,390.0,4290.0,251,Noah,Martin,noah.martin@example.com,377 Maple St,2024-05-07
540,5300.0,530.0,5830.0,252,Isabella,Thompson,isabella.thompson@example.com,378 Maple St,2024-05-08
541,4800.0,480.0,5280.0,253,Benjamin,Garcia,benjamin.garcia@example.com,379 Maple St,2024-05-09
542,3300.0,330.0,3630.0,254,Harper,Martinez,harper.martinez@example.com,380 Maple St,2024-05-10
543,2950.0,295.0,3245.0,255,James,Robinson,james.robinson@example.com,381 Maple St,2024-05-11
544,5500.0,550.0,6050.0,256,Ella,Clark,ella.clark@example.com,382 Maple St,2024-05-12
545,4900.0,490.0,5390.0,257,Liam,Lewis,liam.lewis@example.com,383 Maple St,2024-05-13
546,3600.0,360.0,3960.0,258,Zoe,Lee,zoe.lee@example.com,384 Maple St,2024-05-14
547,5700.0,570.0,6270.0,259,William,Walker,william.walker@example.com,385 Maple St,2024-05-15
548,4000.0,400.0,4400.0,260,Olivia,Hall,olivia.hall@example.com,386 Maple St,2024-05-16
549,3800.0,380.0,4180.0,261,Evelyn,Allen,evelyn.allen@example.com,387 Maple St,2024-05-17
550,4500.0,450.0,4950.0,262,Daniel,Young,daniel.young@example.com,388 Maple St,2024-05-18
551,3000.0,300.0,3300.0,263,Sofia,Hernandez,sofia.hernandez@example.com,389 Maple St,2024-05-19
552,5750.0,575.0,6325.0,264,Sebastian,King,sebastian.king@example.com,390 Maple St,2024-05-20
553,4150.0,415.0,4565.0,265,Mia,Wright,mia.wright@example.com,391 Maple St,2024-05-21
554,3850.0,385.0,4235.0,266,Oliver,Scott,oliver.scott@example.com,392 Maple St,2024-05-22
555,6200.0,620.0,6820.0,267,Charlotte,Green,charlotte.green@example.com,393 Maple St,2024-05-23
556,5500.0,550.0,6050.0,268,Aiden,Baker,aiden.baker@example.com,394 Maple St,2024-05-24
557,3000.0,300.0,3300.0,269,Ella,Adams,ella.adams@example.com,395 Maple St,2024-05-25
558,5400.0,540.0,5940.0,270,Jack,Nelson,jack.nelson@example.com,396 Maple St,2024-05-26
559,3200.0,320.0,3520.0,271,Ava,Carter,ava.carter@example.com,397 Maple St,2024-05-27
560,2900.0,290.0,3190.0,272,Lucas,Mitchell,lucas.mitchell@example.com,398 Maple St,2024-05-28
561,4550.0,455.0,5005.0,273,Zoe,Perez,zoe.perez@example.com,399 Maple St,2024-05-29
562,4000.0,400.0,4400.0,274,Daniel,Roberts,daniel.roberts@example.com,400 Maple St,2024-05-30
563,6200.0,620.0,6820.0,275,Emily,Robinson,emily.robinson@example.com,401 Maple St,2024-05-31
564,2400.0,240.0,2640.0,215,Liam,Wood,liam.wood@example.com,341 Maple St,2024-04-01
565,3100.0,310.0,3410.0,216,Emma,Ross,emma.ross@example.com,342 Maple St,2024-04-02
566,4300.0,430.0,4730.0,217,William,Flores,william.flores@example.com,343 Maple St,2024-04-03
567,3900.0,390.0,4290.0,218,Ava,Hernandez,ava.hernandez@example.com,344 Maple St,2024-04-04
568,2200.0,220.0,2420.0,219,Noah,Lopez,noah.lopez@example.com,345 Maple St,2024-04-05
569,1500.0,150.0,1650.0,220,Olivia,Gonzalez,olivia.gonzalez@example.com,346 Maple St,2024-04-06
570,2700.0,270.0,2970.0,221,James,Sanchez,james.sanchez@example.com,347 Maple St,2024-04-07
571,3200.0,320.0,3520.0,222,Sophia,Martinez,sophia.martinez@example.com,348 Maple St,2024-04-08
572,4600.0,460.0,5060.0,223,Benjamin,Perez,benjamin.perez@example.com,349 Maple St,2024-04-09
573,2900.0,290.0,3190.0,224,Mia,Jones,mia.jones@example.com,350 Maple St,2024-04-10
574,3500.0,350.0,3850.0,225,Lucas,Carter,lucas.carter@example.com,351 Maple St,2024-04-11
575,4000.0,400.0,4400.0,226,Isabella,Murphy,isabella.murphy@example.com,352 Maple St,2024-04-12
576,5000.0,500.0,5500.0,227,Elijah,Griffin,elijah.griffin@example.com,353 Maple St,2024-04-13
577,3600.0,360.0,3960.0,228,Zoe,Cooper,zoe.cooper@example.com,354 Maple St,2024-04-14
578,2100.0,210.0,2310.0,229,Henry,Long,henry.long@example.com,355 Maple St,2024-04-15
579,4800.0,480.0,5280.0,230,Harper,Alexander,harper.alexander@example.com,356 Maple St,2024-04-16
580,2900.0,290.0,3190.0,231,Sebastian,Wright,sebastian.wright@example.com,357 Maple St,2024-04-17
581,2000.0,200.0,2200.0,232,Ella,Hall,ella.hall@example.com,358 Maple St,2024-04-18
582,1500.0,150.0,1650.0,233,Oliver,Young,oliver.young@example.com,359 Maple St,2024-04-19
583,2600.0,260.0,2860.0,234,Grace,Hernandez,grace.hernandez@example.com,360 Maple St,2024-04-20
584,4000.0,400.0,4400.0,235,Jack,Green,jack.green@example.com,361 Maple St,2024-04-21
585,3400.0,340.0,3740.0,236,Sofia,Nelson,sofia.nelson@example.com,362 Maple St,2024-04-22
586,2700.0,270.0,2970.0,237,Dylan,Harris,dylan.harris@example.com,363 Maple St,2024-04-23
587,3200.0,320.0,3520.0,238,Chloe,Reyes,chloe.reyes@example.com,364 Maple St,2024-04-24
588,2900.0,290.0,3190.0,239,Matthew,Lopez,matthew.lopez@example.com,365 Maple St,2024-04-25
589,3900.0,390.0,4290.0,240,Emily,Martin,emily.martin@example.com,366 Maple St,2024-04-26
590,2300.0,230.0,2530.0,241,Benjamin,Wright,benjamin.wright@example.com,367 Maple St,2024-04-27
591,3700.0,370.0,4070.0,242,Mia,Clark,mia.clark@example.com,368 Maple St,2024-04-28
592,1500.0,150.0,1650.0,243,Aiden,Rodriguez,aiden.rodriguez@example.com,369 Maple St,2024-04-29
593,4800.0,480.0,5280.0,244,Zoe,Ramirez,zoe.ramirez@example.com,370 Maple St,2024-04-30
594,3200.0,320.0,3520.0,276,Lucas,Taylor,lucas.taylor@example.com,401 Maple St,2024-06-01
595,4300.0,430.0,4730.0,277,Ava,Anderson,ava.anderson@example.com,402 Maple St,2024-06-02
596,5700.0,570.0,6270.0,278,Ethan,Thomas,ethan.thomas@example.com,403 Maple St,2024-06-03
597,4900.0,490.0,5390.0,279,Sophia,Jackson,sophia.jackson@example.com,404 Maple St,2024-06-04
598,6000.0,600.0,6600.0,280,Elijah,White,elijah.white@example.com,405 Maple St,2024-06-05
599,4500.0,450.0,4950.0,281,Mia,Harris,mia.harris@example.com,406 Maple St,2024-06-06
600,5100.0,510.0,5610.0,282,Noah,Martin,noah.martin@example.com,407 Maple St,2024-06-07
601,3400.0,340.0,3740.0,283,Isabella,Thompson,isabella.thompson@example.com,408 Maple St,2024-06-08
602,3800.0,380.0,4180.0,284,Benjamin,Garcia,benjamin.garcia@example.com,409 Maple St,2024-06-09
603,4200.0,420.0,4620.0,285,Harper,Martinez,harper.martinez@example.com,410 Maple St,2024-06-10
604,4600.0,460.0,5060.0,286,James,Robinson,james.robinson@example.com,411 Maple St,2024-06-11
605,5800.0,580.0,6380.0,287,Ella,Clark,ella.clark@example.com,412 Maple St,2024-06-12
606,3100.0,310.0,3410.0,288,Liam,Lewis,liam.lewis@example.com,413 Maple St,2024-06-13
607,5000.0,500.0,5500.0,289,Zoe,Lee,zoe.lee@example.com,414 Maple St,2024-06-14
608,4300.0,430.0,4730.0,290,William,Walker,william.walker@example.com,415 Maple St,2024-06-15
609,2900.0,290.0,3190.0,291,Olivia,Hall,olivia.hall@example.com,416 Maple St,2024-06-16
610,6000.0,600.0,6600.0,292,Evelyn,Allen,evelyn.allen@example.com,417 Maple St,2024-06-17
611,5500.0,550.0,6050.0,293,Daniel,Young,daniel.young@example.com,418 Maple St,2024-06-18
612,4800.0,480.0,5280.0,294,Sofia,Hernandez,sofia.hernandez@example.com,419 Maple St,2024-06-19
613,3900.0,390.0,4290.0,295,Sebastian,King,sebastian.king@example.com,420 Maple St,2024-06-20
614,5200.0,520.0,5720.0,296,Mia,Wright,mia.wright@example.com,421 Maple St,2024-06-21
615,3500.0,350.0,3850.0,297,Oliver,Scott,oliver.scott@example.com,422 Maple St,2024-06-22
616,3000.0,300.0,3300.0,298,Charlotte,Green,charlotte.green@example.com,423 Maple St,2024-06-23
617,4400.0,440.0,4840.0,299,Aiden,Baker,aiden.baker@example.com,424 Maple St,2024-06-24
618,5600.0,560.0,6160.0,300,Ella,Adams,ella.adams@example.com,425 Maple St,2024-06-25
619,6200.0,620.0,6820.0,301,Jack,Nelson,jack.nelson@example.com,426 Maple St,2024-06-26
620,5200.0,520.0,5720.0,302,Ava,Carter,ava.carter@example.com,427 Maple St,2024-06-27
621,4300.0,430.0,4730.0,303,Lucas,Mitchell,lucas.mitchell@example.com,428 Maple St,2024-06-28
622,5800.0,580.0,6380.0,304,Zoe,Perez,zoe.perez@example.com,429 Maple St,2024-06-29
623,6000.0,600.0,6600.0,305,Daniel,Roberts,daniel.roberts@example.com,430 Maple St,2024-06-30
624,1200.0,120.0,1320.0,306,Liam,Johnson,liam.johnson@example.com,431 Maple St,2024-07-01
625,3000.0,300.0,3300.0,307,Emma,Williams,emma.williams@example.com,432 Maple St,2024-07-02
626,2000.0,200.0,2200.0,308,Noah,Jones,noah.jones@example.com,433 Maple St,2024-07-03
627,1800.0,180.0,1980.0,309,Olivia,Brown,olivia.brown@example.com,434 Maple St,2024-07-04
628,3400.0,340.0,3740.0,310,Sophia,Davis,sophia.davis@example.com,435 Maple St,2024-07-05
629,2900.0,290.0,3190.0,311,Lucas,Garcia,lucas.garcia@example.com,436 Maple St,2024-07-06
630,1500.0,150.0,1650.0,312,Ava,Rodriguez,ava.rodriguez@example.com,437 Maple St,2024-07-07
631,3800.0,380.0,4180.0,313,Ethan,Martinez,ethan.martinez@example.com,438 Maple St,2024-07-08
632,2200.0,220.0,2420.0,314,Mia,Hernandez,mia.hernandez@example.com,439 Maple St,2024-07-09
633,3600.0,360.0,3960.0,315,James,Lopez,james.lopez@example.com,440 Maple St,2024-07-10
634,1300.0,130.0,1430.0,316,Isabella,Gonzalez,isabella.gonzalez@example.com,441 Maple St,2024-07-11
635,2700.0,270.0,2970.0,317,Benjamin,Wilson,benjamin.wilson@example.com,442 Maple St,2024-07-12
636,1100.0,110.0,1210.0,318,Harper,Anderson,harper.anderson@example.com,443 Maple St,2024-07-13
637,3200.0,320.0,3520.0,319,Sebastian,Thomas,sebastian.thomas@example.com,444 Maple St,2024-07-14
638,3000.0,300.0,3300.0,320,Aiden,Taylor,aiden.taylor@example.com,445 Maple St,2024-07-15
639,2100.0,210.0,2310.0,321,Zoe,Moore,zoe.moore@example.com,446 Maple St,2024-07-16
640,3400.0,340.0,3740.0,322,Liam,Jackson,liam.jackson@example.com,447 Maple St,2024-07-17
641,1700.0,170.0,1870.0,323,Emma,Martin,emma.martin@example.com,448 Maple St,2024-07-18
642,1500.0,150.0,1650.0,324,Olivia,Lee,olivia.lee@example.com,449 Maple St,2024-07-19
643,2900.0,290.0,3190.0,325,Mason,Perez,mason.perez@example.com,450 Maple St,2024-07-20
644,2400.0,240.0,2640.0,326,Sofia,Thompson,sofia.thompson@example.com,451 Maple St,2024-07-21
645,3200.0,320.0,3520.0,327,Ethan,White,ethan.white@example.com,452 Maple St,2024-07-22
646,3800.0,380.0,4180.0,328,Ella,Harris,ella.harris@example.com,453 Maple St,2024-07-23
647,2500.0,250.0,2750.0,329,Jack,Clark,jack.clark@example.com,454 Maple St,2024-07-24
648,1800.0,180.0,1980.0,330,Ava,Lewis,ava.lewis@example.com,455 Maple St,2024-07-25
649,1900.0,190.0,2090.0,331,James,Robinson,james.robinson@example.com,456 Maple St,2024-07-26
650,3000.0,300.0,3300.0,332,Zoe,Walker,zoe.walker@example.com,457 Maple St,2024-07-27
651,2400.0,240.0,2640.0,333,Mason,Hall,mason.hall@example.com,458 Maple St,2024-07-28
652,2700.0,270.0,2970.0,334,Sofia,Young,sofia.young@example.com,459 Maple St,2024-07-29
653,1300.0,130.0,1430.0,335,Oliver,King,oliver.king@example.com,460 Maple St,2024-07-30
654,3100.0,310.0,3410.0,336,Mia,Scott,mia.scott@example.com,461 Maple St,2024-07-31
655,597.0,71.64,597.0,12,Andrea,Lleva,andrea@gmail.com,"Angeles, Pampanga",2024-10-24 16:02:08
656,1990.0,238.8,1990.0,12,Andrea,Lleva,andrea@gmail.com,"Angeles, Pampanga",2024-10-24 16:02:28
657,2500.0,250.0,2750.0,337,Ethan,Baker,ethan.baker@example.com,462 Maple St,2024-08-01
658,1300.0,130.0,1430.0,338,Liam,Campbell,liam.campbell@example.com,463 Maple St,2024-08-02
659,1800.0,180.0,1980.0,339,Sophia,Mitchell,sophia.mitchell@example.com,464 Maple St,2024-08-03
660,3200.0,320.0,3520.0,340,Noah,Collins,noah.collins@example.com,465 Maple St,2024-08-04
661,4000.0,400.0,4400.0,341,Emma,Stewart,emma.stewart@example.com,466 Maple St,2024-08-05
662,2200.0,220.0,2420.0,342,Ava,Sanchez,ava.sanchez@example.com,467 Maple St,2024-08-06
663,3100.0,310.0,3410.0,343,Lucas,Ward,lucas.ward@example.com,468 Maple St,2024-08-07
664,2900.0,290.0,3190.0,344,Mia,Foster,mia.foster@example.com,469 Maple St,2024-08-08
665,2000.0,200.0,2200.0,345,James,Graham,james.graham@example.com,470 Maple St,2024-08-09
666,3600.0,360.0,3960.0,346,Olivia,Reed,olivia.reed@example.com,471 Maple St,2024-08-10
667,1500.0,150.0,1650.0,347,Aiden,Henderson,aiden.henderson@example.com,472 Maple St,2024-08-11
668,2400.0,240.0,2640.0,348,Zoe,Bennett,zoe.bennett@example.com,473 Maple St,2024-08-12
669,2700.0,270.0,2970.0,349,Sebastian,Russell,sebastian.russell@example.com,474 Maple St,2024-08-13
670,1300.0,130.0,1430.0,350,Harper,Simmons,harper.simmons@example.com,475 Maple St,2024-08-14
671,2800.0,280.0,3080.0,351,Jack,Ward,jack.ward@example.com,476 Maple St,2024-08-15
672,3100.0,310.0,3410.0,352,Isabella,Sullivan,isabella.sullivan@example.com,477 Maple St,2024-08-16
673,1900.0,190.0,2090.0,353,Mason,Rivera,mason.rivera@example.com,478 Maple St,2024-08-17
674,3600.0,360.0,3960.0,354,Ava,Patterson,ava.patterson@example.com,479 Maple St,2024-08-18
675,2400.0,240.0,2640.0,355,Oliver,Harris,oliver.harris@example.com,480 Maple St,2024-08-19
676,3300.0,330.0,3630.0,356,Emma,Flores,emma.flores@example.com,481 Maple St,2024-08-20
677,2700.0,270.0,2970.0,357,Aiden,Cox,aiden.cox@example.com,482 Maple St,2024-08-21
678,1000.0,100.0,1100.0,358,Liam,Gonzalez,liam.gonzalez@example.com,483 Maple St,2024-08-22
679,4000.0,400.0,4400.0,359,Harper,Long,harper.long@example.com,484 Maple St,2024-08-23
680,2500.0,250.0,2750.0,360,Sophia,Watson,sophia.watson@example.com,485 Maple St,2024-08-24
681,3000.0,300.0,3300.0,361,Noah,Boyd,noah.boyd@example.com,486 Maple St,2024-08-25
682,1800.0,180.0,1980.0,362,Isabella,Knight,isabella.knight@example.com,487 Maple St,2024-08-26
683,3200.0,320.0,3520.0,363,Lucas,Lynch,lucas.lynch@example.com,488 Maple St,2024-08-27
684,2900.0,290.0,3190.0,364,Ava,Weaver,ava.weaver@example.com,489 Maple St,2024-08-28
685,1600.0,160.0,1760.0,365,Ethan,Holland,ethan.holland@example.com,490 Maple St,2024-08-29
686,2000.0,200.0,2200.0,366,Harper,Garrett,harper.garrett@example.com,491 Maple St,2024-08-30
687,3100.0,310.0,3410.0,367,Mason,Mason,mason.mason@example.com,492 Maple St,2024-08-31
688,1200.0,120.0,1320.0,368,Mia,Black,mia.black@example.com,491 Maple St,2024-09-01
689,3500.0,350.0,3850.0,369,Liam,King,liam.king@example.com,492 Maple St,2024-09-02
690,2800.0,280.0,3080.0,370,Sophia,Green,sophia.green@example.com,493 Maple St,2024-09-03
691,2100.0,210.0,2310.0,371,Noah,Adams,noah.adams@example.com,494 Maple St,2024-09-04
692,3600.0,360.0,3960.0,372,Olivia,Nelson,olivia.nelson@example.com,495 Maple St,2024-09-05
693,1500.0,150.0,1650.0,373,Ethan,Harris,ethan.harris@example.com,496 Maple St,2024-09-06
694,2400.0,240.0,2640.0,374,Emma,Clark,emma.clark@example.com,497 Maple St,2024-09-07
695,3000.0,300.0,3300.0,375,Ava,Scott,ava.scott@example.com,498 Maple St,2024-09-08
696,1800.0,180.0,1980.0,376,Mason,Hall,mason.hall@example.com,499 Maple St,2024-09-09
697,3700.0,370.0,4070.0,377,James,Ward,james.ward@example.com,500 Maple St,2024-09-10
698,2000.0,200.0,2200.0,378,Isabella,Thompson,isabella.thompson@example.com,501 Maple St,2024-09-11
699,3100.0,310.0,3410.0,379,Liam,Roberts,liam.roberts@example.com,502 Maple St,2024-09-12
700,3900.0,390.0,4290.0,380,Harper,Lewis,harper.lewis@example.com,503 Maple St,2024-09-13
701,2500.0,250.0,2750.0,381,Zoe,Lee,zoe.lee@example.com,504 Maple St,2024-09-14
702,1700.0,170.0,1870.0,382,Lucas,Walker,lucas.walker@example.com,505 Maple St,2024-09-15
703,3200.0,320.0,3520.0,383,Olivia,Hall,olivia.hall@example.com,506 Maple St,2024-09-16
704,3000.0,300.0,3300.0,384,Aiden,Young,aiden.young@example.com,507 Maple St,2024-09-17
705,2200.0,220.0,2420.0,385,Sophia,Hernandez,sophia.hernandez@example.com,508 Maple St,2024-09-18
706,2800.0,280.0,3080.0,386,Noah,King,noah.king@example.com,509 Maple St,2024-09-19
707,1300.0,130.0,1430.0,387,Emma,Hill,emma.hill@example.com,510 Maple St,2024-09-20
708,3000.0,300.0,3300.0,388,James,Scott,james.scott@example.com,511 Maple St,2024-09-21
709,3700.0,370.0,4070.0,389,Ava,Perry,ava.perry@example.com,512 Maple St,2024-09-22
710,1600.0,160.0,1760.0,390,Aiden,Parker,aiden.parker@example.com,513 Maple St,2024-09-23
711,1800.0,180.0,1980.0,391,Mia,Cruz,mia.cruz@example.com,514 Maple St,2024-09-24
712,4000.0,400.0,4400.0,392,Lucas,Sanders,lucas.sanders@example.com,515 Maple St,2024-09-25
713,1900.0,190.0,2090.0,393,Olivia,Robinson,olivia.robinson@example.com,516 Maple St,2024-09-26
714,2100.0,210.0,2310.0,394,Ethan,Kim,ethan.kim@example.com,517 Maple St,2024-09-27
715,3500.0,350.0,3850.0,395,Sophia,Clark,sophia.clark@example.com,518 Maple St,2024-09-28
716,1200.0,120.0,1320.0,396,Noah,Price,noah.price@example.com,519 Maple St,2024-09-29
717,2600.0,260.0,2860.0,397,Ava,Harrison,ava.harrison@example.com,520 Maple St,2024-09-30
718,2200.0,220.0,2420.0,401,Zoe,Morris,zoe.morris@example.com,521 Oak St,2024-10-01
719,3000.0,300.0,3300.0,402,Liam,Ward,liam.ward@example.com,522 Oak St,2024-10-02
720,2500.0,250.0,2750.0,403,Emma,Howard,emma.howard@example.com,523 Oak St,2024-10-03
721,2900.0,290.0,3190.0,404,Noah,Lopez,noah.lopez@example.com,524 Oak St,2024-10-04
722,3500.0,350.0,3850.0,405,Sophia,Walker,sophia.walker@example.com,525 Oak St,2024-10-05
723,2300.0,230.0,2530.0,406,Ethan,Hall,ethan.hall@example.com,526 Oak St,2024-10-06
724,2000.0,200.0,2200.0,407,Ava,Green,ava.green@example.com,527 Oak St,2024-10-07
725,3100.0,310.0,3410.0,408,Mason,Allen,mason.allen@example.com,528 Oak St,2024-10-08
726,2400.0,240.0,2640.0,409,Isabella,Young,isabella.young@example.com,529 Oak St,2024-10-09
727,2700.0,270.0,2970.0,410,Aiden,King,aiden.king@example.com,530 Oak St,2024-10-10
728,2000.0,200.0,2200.0,411,Olivia,Hernandez,olivia.hernandez@example.com,531 Oak St,2024-10-11
729,3400.0,340.0,3740.0,412,Lucas,Wright,lucas.wright@example.com,532 Oak St,2024-10-12
730,3100.0,310.0,3410.0,413,Emma,Lopez,emma.lopez@example.com,533 Oak St,2024-10-13
731,2900.0,290.0,3190.0,414,James,Lee,james.lee@example.com,534 Oak St,2024-10-14
732,3000.0,300.0,3300.0,415,Ava,Scott,ava.scott@example.com,535 Oak St,2024-10-15
733,2200.0,220.0,2420.0,416,Mia,Parker,mia.parker@example.com,536 Oak St,2024-10-16
734,2400.0,240.0,2640.0,417,Liam,Adams,liam.adams@example.com,537 Oak St,2024-10-17
735,2600.0,260.0,2860.0,418,Olivia,Thompson,olivia.thompson@example.com,538 Oak St,2024-10-18
736,3500.0,350.0,3850.0,419,Noah,Green,noah.green@example.com,539 Oak St,2024-10-19
737,3000.0,300.0,3300.0,420,Zoe,Robinson,zoe.robinson@example.com,540 Oak St,2024-10-20
738,2500.0,250.0,2750.0,421,Sophia,Hall,sophia.hall@example.com,541 Oak St,2024-10-21
739,2100.0,210.0,2310.0,422,Aiden,Clark,aiden.clark@example.com,542 Oak St,2024-10-22
740,2000.0,200.0,2200.0,423,Emma,Lopez,emma.lopez@example.com,543 Oak St,2024-10-23
741,2300.0,230.0,2530.0,424,Mason,Wright,mason.wright@example.com,544 Oak St,2024-10-24
742,2900.0,290.0,3190.0,425,Lucas,King,lucas.king@example.com,545 Oak St,2024-10-25
743,3000.0,300.0,3300.0,426,Isabella,Young,isabella.young@example.com,546 Oak St,2024-10-26
744,2400.0,240.0,2640.0,427,Harper,Scott,harper.scott@example.com,547 Oak St,2024-10-27
745,3100.0,310.0,3410.0,428,Olivia,Walker,olivia.walker@example.com,548 Oak St,2024-10-28
746,2800.0,280.0,3080.0,429,Liam,Harris,liam.harris@example.com,549 Oak St,2024-10-29
747,2000.0,200.0,2200.0,430,Ava,Perry,ava.perry@example.com,550 Oak St,2024-10-30
748,3500.0,350.0,3850.0,431,James,Nelson,james.nelson@example.com,551 Oak St,2024-10-31
749,767.0,92.04,767.0,12,Andrea,Lleva,andrea@gmail.com,"Angeles, Pampanga",2024-10-24 18:19:20
755,606.0,72.72,606.0,17,Maria,Ligaya,maria@gmail.com,"Marilao, Bulacan",2024-10-24 18:43:57
