Order ID,Order Status,Tracking Number*,Shipping Option,Shipment Method,Estimated Ship Out Date,Ship Time,Order Creation Date,Order Paid Time,Product Name,Variation Name,Original Price,Deal Price,Quantity,Product Subtotal,Order Complete Time
2405016SJGEQDK,Completed,SPEPH048561668225,Standard Local-SPX Express,pickup,2024-05-24 11:43,2024-05-03 12:38,2024-05-01 11:33,2024-05-01 11:43,FREEBIES FOR BUYERS ONLY,,5,5,1,5,2024-05-08 22:11
24050172FTXRK4,Completed,SPEPH047699558715,Standard Local-SPX Express,pickup,2024-05-24 14:13,2024-05-02 12:49,2024-05-01 14:13,2024-05-01 14:13,FREEBIES FOR BUYERS ONLY,,5,5,1,5,2024-05-03 23:23
2405017B6NGCHU,Completed,788760161147,Standard Local-J&T Express,pickup,2024-05-24 16:49,2024-05-04 13:17,2024-05-01 16:49,2024-05-01 16:49,FREEBIES FOR BUYERS ONLY,,5,5,1,5,2024-05-06 08:43
2405017C6E5PF4,Completed,788748532266,Standard Local-J&T Express,pickup,2024-05-24 17:17,2024-05-02 12:51,2024-05-01 17:07,2024-05-01 17:17,ASSORTED TOPS LINK FOR BUYERS,,10,10,1,10,2024-05-07 10:05
2405017EJC5HQ7,Completed,SPEPH044119472955,Standard Local-SPX Express,pickup,2024-05-24 17:59,2024-05-02 12:49,2024-05-01 17:49,2024-05-01 17:59,FREEBIES FOR BUYERS ONLY,,5,5,1,5,2024-05-09 14:10
2405017EMB1HDJ,Completed,SPEPH042596286455,Standard Local-SPX Express,pickup,2024-05-24 18:00,2024-05-03 12:38,2024-05-01 17:50,2024-05-01 18:00,FREEBIES FOR BUYERS ONLY,,5,5,1,5,2024-05-05 19:15
2405017ETK9VKX,Completed,P61184JRUPECV,Standard Local-Flash Express,pickup,2024-05-24 18:04,2024-05-02 14:12,2024-05-01 17:54,2024-05-01 18:04,FREEBIES FOR BUYERS ONLY,,5,5,1,5,2024-05-03 20:02
2405017EV4XRT1,Completed,788754730417,Standard Local-J&T Express,pickup,2024-05-24 18:04,2024-05-04 13:17,2024-05-01 17:54,2024-05-01 18:04,FREEBIES FOR BUYERS ONLY,,5,5,1,5,2024-05-09 09:53
2405017F05MWHF,Completed,SPEPH040375335515,Standard Local-SPX Express,pickup,2024-05-24 17:57,2024-05-03 12:38,2024-05-01 17:57,2024-05-01 17:57,FREEBIES FOR BUYERS ONLY,,5,5,1,5,2024-05-06 08:17
2405017FN6X8ST,Completed,SPEPH046190586465,Standard Local-SPX Express,pickup,2024-05-24 18:09,2024-05-03 12:39,2024-05-01 18:08,2024-05-01 18:09,ASSORTED TOPS LINK FOR BUYERS,,10,10,1,10,2024-05-13 08:45
2405017W5A8J7Q,Completed,SPEPH048003162585,Standard Local-SPX Express,pickup,2024-05-24 22:20,2024-05-03 12:38,2024-05-01 22:10,2024-05-01 22:20,FREEBIES FOR BUYERS ONLY,,5,5,1,5,2024-05-08 21:25
2405028YVAA0JS,Completed,788757845724,Standard Local-J&T Express,pickup,2024-05-25 08:41,2024-05-04 13:17,2024-05-02 08:31,2024-05-02 08:41,FREEBIES FOR BUYERS ONLY,,5,5,1,5,2024-05-07 12:03
2405029B1YB8AT,Completed,788756241216,Standard Local-J&T Express,pickup,2024-05-25 11:52,2024-05-04 13:17,2024-05-02 11:51,2024-05-02 11:52,FREEBIES FOR BUYERS ONLY,,5,5,1,5,2024-05-06 05:33
2405029HJDAC09,Completed,SPEPH048216388245,Standard Local-SPX Express,pickup,2024-05-25 13:58,2024-05-04 13:08,2024-05-02 13:48,2024-05-02 13:58,FREEBIES FOR BUYERS ONLY,,5,5,1,5,2024-05-13 10:24
2405029J1EY5NU,Completed,788753344859,Standard Local-J&T Express,pickup,2024-05-25 14:06,2024-05-04 13:17,2024-05-02 13:56,2024-05-02 14:06,FREEBIES FOR BUYERS ONLY,,5,5,1,5,2024-05-08 21:59
2405029PQHQ2DX,Completed,SPEPH043569854815,Standard Local-SPX Express,pickup,2024-05-25 15:30,2024-05-04 13:08,2024-05-02 15:20,2024-05-02 15:30,FREEBIES FOR BUYERS ONLY,,5,5,1,5,2024-05-07 19:28
2405029PQW482H,Completed,SPEPH044624164755,Standard Local-SPX Express,pickup,2024-05-25 15:31,2024-05-03 12:38,2024-05-02 15:21,2024-05-02 15:31,FREEBIES FOR BUYERS ONLY,,5,5,1,5,2024-05-07 17:37
2405029RQP0PTV,Completed,P62064JTTCNAA,Standard Local-Flash Express,pickup,2024-05-25 16:06,2024-05-03 14:20,2024-05-02 15:56,2024-05-02 16:06,FREEBIES FOR BUYERS ONLY,,5,5,1,5,2024-05-07 11:31
2405029SUDDBH3,Completed,SPEPH047050310405,Standard Local-SPX Express,pickup,2024-05-25 16:16,2024-05-04 13:08,2024-05-02 16:16,2024-05-02 16:16,FREEBIES FOR BUYERS ONLY,,5,5,1,5,2024-05-06 19:15
2405029W0ECB6V,Completed,788761726311,Standard Local-J&T Express,pickup,2024-05-25 17:13,2024-05-04 13:17,2024-05-02 17:13,2024-05-02 17:13,FREEBIES FOR BUYERS ONLY,,5,5,1,5,2024-05-20 10:12
240502A0MSGX1G,Completed,SPEPH045843540465,Standard Local-SPX Express,pickup,2024-05-25 18:28,2024-05-04 13:08,2024-05-02 18:18,2024-05-02 18:28,FREEBIES FOR BUYERS ONLY,,5,5,1,5,2024-05-09 10:15
240502A4VPATPH,Completed,788763023457,Standard Local-J&T Express,pickup,2024-05-04 19:44,2024-05-06 12:21,2024-05-02 19:34,2024-05-02 19:44,ASSORTED ITEMS BUNDLE,,690,690,1,690,2024-05-12 08:39
240502A7CEAYRQ,Completed,SPEPH047687643605,Standard Local-SPX Express,pickup,2024-05-25 20:28,2024-05-04 13:08,2024-05-02 20:18,2024-05-02 20:28,FREEBIES FOR BUYERS ONLY,,5,5,1,5,2024-05-09 08:06
240502ABK14BMA,Completed,SPEPH047705620185,Standard Local-SPX Express,pickup,2024-05-25 21:44,2024-05-04 13:08,2024-05-02 21:34,2024-05-02 21:44,FREEBIES FOR BUYERS ONLY,,5,5,1,5,2024-05-07 19:43
240502AE9Y0YAP,Completed,SPEPH043638506205,Standard Local-SPX Express,pickup,2024-05-10 22:32,2024-05-06 12:37,2024-05-02 22:22,2024-05-02 22:32,PLAIN MIDI SKIRT 22-30 INCHES (WITH & WITHOUT SLIT),"BLACK,NO SLIT",149,149,1,149,2024-05-24 22:48
240503BFXGGJQQ,Completed,SPEPH042498175625,Standard Local-SPX Express,pickup,2024-05-27 08:34,2024-05-04 13:08,2024-05-03 08:24,2024-05-03 08:34,FREEBIES FOR BUYERS ONLY (2),,5,5,1,5,2024-05-05 15:19
240503BQ5KBGN3,Completed,788761432481,Standard Local-J&T Express,pickup,2024-05-27 10:34,2024-05-04 13:17,2024-05-03 10:34,2024-05-03 10:34,FREEBIES FOR BUYERS ONLY,,5,5,1,5,2024-05-09 08:17
240503BW5JY1QY,Completed,SPEPH044322165835,Standard Local-SPX Express,pickup,2024-05-27 12:31,2024-05-04 13:08,2024-05-03 12:21,2024-05-03 12:31,FREEBIES FOR BUYERS ONLY,,5,5,1,5,2024-05-09 20:16
240503C8N4JU3J,Completed,SPEPH047124394005,Standard Local-SPX Express,pickup,2024-05-27 15:56,2024-05-04 13:08,2024-05-03 15:46,2024-05-03 15:56,FREEBIES FOR BUYERS ONLY,,5,5,1,5,2024-05-13 10:39
240503CA93RNMS,Completed,788760999477,Standard Local-J&T Express,pickup,2024-05-27 16:16,2024-05-04 13:17,2024-05-03 16:16,2024-05-03 16:16,FREEBIES FOR BUYERS ONLY (2),,5,5,1,5,2024-05-09 10:45
240503CACYQGQE,Completed,788749488833,Standard Local-J&T Express,pickup,2024-05-27 16:28,2024-05-04 13:17,2024-05-03 16:18,2024-05-03 16:28,FREEBIES FOR BUYERS ONLY,,5,5,1,5,2024-05-12 09:08
240503CGDBQN5Y,Completed,788754267438,Standard Local-J&T Express,pickup,2024-05-27 18:15,2024-05-04 13:17,2024-05-03 18:05,2024-05-03 18:15,FREEBIES FOR BUYERS ONLY,,5,5,1,5,2024-05-08 12:33
240503CMAF95VG,Completed,788758982414,Standard Local-J&T Express,pickup,2024-05-27 19:25,2024-05-04 13:17,2024-05-03 19:15,2024-05-03 19:25,FREEBIES FOR BUYERS ONLY,,5,5,1,5,2024-05-08 18:01
240503CQRTPYXQ,Completed,788764916533,Standard Local-J&T Express,pickup,2024-05-27 20:27,2024-05-06 12:21,2024-05-03 20:17,2024-05-03 20:27,ASSORTED TOPS LINK FOR BUYERS,,10,10,1,10,2024-05-13 10:39
240503CS09DK8Q,Completed,SPEPH040229491595,Standard Local-SPX Express,pickup,2024-05-27 20:49,2024-05-05 12:16,2024-05-03 20:39,2024-05-03 20:49,FREEBIES FOR BUYERS ONLY,,5,5,1,5,2024-05-11 09:43
240504E3MGT9JK,Completed,788764006870,Standard Local-J&T Express,pickup,2024-05-28 09:22,2024-05-06 12:21,2024-05-04 09:22,2024-05-04 09:22,FREEBIES FOR BUYERS ONLY,,5,5,1,5,2024-05-12 08:15
240504E59N5PJF,Completed,SPEPH044003954625,Standard Local-SPX Express,pickup,2024-05-28 10:02,2024-05-05 12:16,2024-05-04 09:52,2024-05-04 10:02,FREEBIES FOR BUYERS ONLY,,5,5,1,5,2024-05-11 10:56
240504E9565MN3,Completed,SPEPH047285095125,Standard Local-SPX Express,pickup,2024-05-28 11:11,2024-05-05 12:16,2024-05-04 11:01,2024-05-04 11:11,FREEBIES FOR BUYERS ONLY,,5,5,1,5,2024-05-19 08:31
240504FGKF0KWJ,Completed,788761478478,Standard Local-J&T Express,pickup,2024-05-28 22:57,2024-05-06 12:21,2024-05-04 22:47,2024-05-04 22:57,FREEBIES FOR BUYERS ONLY,,5,5,1,5,2024-05-14 09:22
240505H4NG9HRY,Completed,SPEPH046115769705,Standard Local-SPX Express,pickup,2024-05-28 14:28,2024-05-06 12:37,2024-05-05 14:18,2024-05-05 14:28,FREEBIES FOR BUYERS ONLY,,5,5,1,5,2024-05-08 23:11
240505HDA9YUCP,Completed,SPEPH047518466155,Standard Local-SPX Express,pickup,2024-05-28 17:03,2024-05-07 10:54,2024-05-05 16:53,2024-05-05 17:03,FREEBIES FOR BUYERS ONLY,,5,5,1,5,2024-05-09 19:29
240505HH26KSYM,Completed,SPEPH047791435965,Standard Local-SPX Express,pickup,2024-05-28 18:00,2024-05-07 10:54,2024-05-05 18:00,2024-05-05 18:00,ASSORTED TOPS LINK FOR BUYERS,,10,10,1,10,2024-05-13 08:45
240505HR24JPYC,Completed,788770449561,Standard Local-J&T Express,pickup,2024-05-28 20:15,2024-05-08 13:56,2024-05-05 20:05,2024-05-05 20:15,FREEBIES FOR BUYERS ONLY,,5,5,1,5,2024-05-16 08:27
240505J0NFHCNR,Completed,SPEPH049948133755,Standard Local-SPX Express,pickup,2024-05-28 22:40,2024-05-07 10:55,2024-05-05 22:39,2024-05-05 22:40,FREEBIES FOR BUYERS ONLY,,5,5,1,5,2024-05-08 18:07
240506K4SWXSMK,Completed,SPEPH045278524565,Standard Local-SPX Express,pickup,2024-05-29 09:36,2024-05-09 12:30,2024-05-06 09:26,2024-05-06 09:36,FREEBIES FOR BUYERS ONLY,,5,5,1,5,2024-05-15 10:26
240506KD72JU4M,Completed,SPEPH048149992125,Standard Local-SPX Express,pickup,2024-05-08 12:07,2024-05-07 10:54,2024-05-06 11:57,2024-05-06 12:07,ASSORTED TOPS (KC LUNA TORRES),,247,247,1,247,2024-05-09 16:11
240506KVMS39DK,Completed,P62064MA963AA,Standard Local-Flash Express,pickup,2024-05-29 16:43,2024-05-07 13:22,2024-05-06 16:33,2024-05-06 16:43,FREEBIES FOR BUYERS ONLY,,5,5,1,5,2024-05-12 06:33
240506KVXWBECW,Completed,SPEPH043953482755,Standard Local-SPX Express,pickup,2024-05-29 16:48,2024-05-07 10:54,2024-05-06 16:38,2024-05-06 16:48,FREEBIES FOR BUYERS ONLY,,5,5,1,5,2024-05-12 09:10
240506M3T0U6G8,Completed,SPEPH045095444825,Standard Local-SPX Express,pickup,2024-05-29 18:51,2024-05-09 12:30,2024-05-06 18:41,2024-05-06 18:51,FREEBIES FOR BUYERS ONLY,,5,5,1,5,2024-05-15 08:47
240506MC6KA7G0,Completed,788774457553,Standard Local-J&T Express,pickup,2024-05-29 21:12,2024-05-08 13:56,2024-05-06 21:11,2024-05-06 21:12,FREEBIES FOR BUYERS ONLY (2),,5,5,1,5,2024-05-11 01:16
240506MCBXX8P8,Completed,788774441265,Standard Local-J&T Express,pickup,2024-05-08 21:24,2024-05-08 13:56,2024-05-06 21:14,2024-05-06 21:24,ASSORTED TOPS (MAREE TALLOS),,1288,1288,1,1288,2024-05-16 09:41
240507P29W2CB9,Completed,788777317596,Standard Local-J&T Express,pickup,2024-05-09 13:29,2024-05-09 12:16,2024-05-07 13:19,2024-05-07 13:29,ASSORTED ITEMS BUNDLE,,3462,3462,1,3462,2024-05-13 15:00
240507P8Q8US1H,Completed,SPEPH040190894965,Standard Local-SPX Express,pickup,2024-05-30 15:24,2024-05-09 12:30,2024-05-07 15:14,2024-05-07 15:24,FREEBIES FOR BUYERS ONLY (2),,5,5,1,5,2024-05-18 14:31
240507PT03JC6D,Completed,SPEPH046862520655,Standard Local-SPX Express,pickup,2024-05-30 20:33,2024-05-09 12:30,2024-05-07 20:23,2024-05-07 20:33,FREEBIES FOR BUYERS ONLY (2),,5,5,1,5,2024-05-10 12:43
240508R50WD8CQ,Completed,788777585828,Standard Local-J&T Express,pickup,2024-05-31 09:14,2024-05-09 12:16,2024-05-08 09:13,2024-05-08 09:14,FREEBIES FOR BUYERS ONLY,,5,5,1,5,2024-05-17 10:16
240508RJ47M2R0,Completed,SPEPH048720683945,Standard Local-SPX Express,pickup,2024-05-31 13:18,2024-05-09 12:30,2024-05-08 13:08,2024-05-08 13:18,FREEBIES FOR BUYERS ONLY,,5,5,1,5,2024-05-18 08:30
240508RX0TWN1U,Completed,788776935599,Standard Local-J&T Express,pickup,2024-05-31 16:41,2024-05-09 12:16,2024-05-08 16:41,2024-05-08 16:41,FREEBIES FOR BUYERS ONLY (2),,5,5,1,5,2024-05-11 15:33
240508S6CRED9H,Completed,788764419208,Standard Local-J&T Express,pickup,2024-05-31 19:11,2024-05-09 12:16,2024-05-08 19:11,2024-05-08 19:11,FREEBIES FOR BUYERS ONLY (2),,5,5,1,5,2024-05-14 10:03
240508SDQS603U,Completed,788800685371,Standard Local-J&T Express,pickup,2024-05-31 21:32,2024-05-18 12:43,2024-05-08 21:22,2024-05-08 21:32,FREEBIES FOR BUYERS ONLY,,5,5,1,5,2024-05-23 10:24
240509TYPB8QJV,Completed,SPEPH040959202245,Standard Local-SPX Express,pickup,2024-06-01 12:18,2024-05-11 11:36,2024-05-09 12:16,2024-05-09 12:18,FREEBIES FOR BUYERS ONLY,,5,5,1,5,2024-05-18 08:43
240509U0VY9AS7,Completed,SPEPH048381147175,Standard Local-SPX Express,pickup,2024-06-01 12:48,2024-05-10 12:34,2024-05-09 12:38,2024-05-09 12:48,FREEBIES FOR BUYERS ONLY,,5,5,1,5,2024-05-13 11:31
240509U173GDR4,Completed,788779862642,Standard Local-J&T Express,pickup,2024-06-01 12:53,2024-05-11 13:32,2024-05-09 12:43,2024-05-09 12:53,FREEBIES FOR BUYERS ONLY,,5,5,1,5,2024-05-15 21:52
240509U1X3QWJP,Completed,SPEPH048847538585,Standard Local-SPX Express,pickup,2024-06-01 13:06,2024-05-10 12:34,2024-05-09 12:56,2024-05-09 13:06,FREEBIES FOR BUYERS ONLY,,5,5,1,5,2024-05-20 08:49
240509U307NC6R,Completed,SPEPH040185915005,Standard Local-SPX Express,pickup,2024-06-01 13:25,2024-05-11 11:36,2024-05-09 13:15,2024-05-09 13:25,FREEBIES FOR BUYERS ONLY,,5,5,1,5,2024-05-14 14:14
240509U3895GAE,Completed,SPEPH041730399945,Standard Local-SPX Express,pickup,2024-06-01 13:21,2024-05-11 11:36,2024-05-09 13:20,2024-05-09 13:21,FREEBIES FOR BUYERS ONLY,,5,5,1,5,2024-05-20 08:24
240509U38QFC2V,Completed,SPEPH047835490445,Shopee Self Pick-up,pickup,2024-06-01 13:20,2024-05-11 11:36,2024-05-09 13:20,2024-05-09 13:20,FREEBIES FOR BUYERS ONLY,,5,5,1,5,2024-05-14 19:21
240509U38UBUH8,Completed,788779557743,Standard Local-J&T Express,pickup,2024-05-11 13:30,2024-05-11 13:32,2024-05-09 13:20,2024-05-09 13:30,ASSORTED TOPS (QUENNIE MOLAS),,1863,1863,1,1863,2024-05-15 15:23
240509U7X730SS,Completed,P35304NMFUTAC,Standard Local-Flash Express,pickup,2024-06-01 14:54,2024-05-11 14:14,2024-05-09 14:44,2024-05-09 14:54,FREEBIES FOR BUYERS ONLY,,5,5,1,5,2024-05-18 09:50
240509UJ3351VE,Completed,SPEPH041680648815,Standard Local-SPX Express,pickup,2024-06-01 17:55,2024-05-11 11:36,2024-05-09 17:45,2024-05-09 17:55,FREEBIES FOR BUYERS ONLY,,5,5,1,5,2024-05-19 08:47
240509UK8D38X5,Completed,P74074NMRWAAA,Standard Local-Flash Express,pickup,2024-05-11 18:16,2024-05-11 14:14,2024-05-09 18:06,2024-05-09 18:16,ASSORTED TOPS (JACKIE),,1098,1098,1,1098,2024-05-21 10:02
240509UMEEYPBW,Completed,SPEPH047665705625,Standard Local-SPX Express,pickup,2024-06-01 18:37,2024-05-11 11:36,2024-05-09 18:27,2024-05-09 18:37,FREEBIES FOR BUYERS ONLY,,5,5,1,5,2024-05-17 09:53
240509UN3YJNXA,Completed,SPEPH043549960885,Standard Local-SPX Express,pickup,2024-05-11 18:49,2024-05-11 11:36,2024-05-09 18:39,2024-05-09 18:49,ASSORTED TOPS (LEA ACUÑA),,702,702,1,702,2024-05-18 07:31
240510W2UCQMGU,Completed,788780832491,Standard Local-J&T Express,pickup,2024-06-03 08:18,2024-05-11 13:32,2024-05-10 08:18,2024-05-10 08:18,FREEBIES FOR BUYERS ONLY,,5,5,1,5,2024-05-17 08:12
2405100AQNYVMW,Completed,788777383322,Standard Local-J&T Express,pickup,2024-06-03 11:48,2024-05-11 13:32,2024-05-10 11:38,2024-05-10 11:48,FREEBIES FOR BUYERS ONLY,,5,5,1,5,2024-05-14 17:43
2405100BCCSR5N,Completed,SPEPH043322571795,Standard Local-SPX Express,pickup,2024-06-03 12:00,2024-05-11 11:36,2024-05-10 11:50,2024-05-10 12:00,FREEBIES FOR BUYERS ONLY,,5,5,1,5,2024-05-15 10:59
2405100E40MC6H,Completed,P45134NWNPEAK,Standard Local-Flash Express,pickup,2024-06-03 12:49,2024-05-11 14:14,2024-05-10 12:39,2024-05-10 12:49,FREEBIES FOR BUYERS ONLY (2),,5,5,1,5,2024-05-15 21:22
2405100JC14QMA,Completed,SPEPH047835865155,Standard Local-SPX Express,pickup,2024-06-03 13:55,2024-05-11 11:36,2024-05-10 13:55,2024-05-10 13:55,FREEBIES FOR BUYERS ONLY (2),,5,5,1,5,2024-05-17 11:40
2405100MCX9SEN,Completed,SPEPH044023111755,Standard Local-SPX Express,pickup,2024-06-03 14:41,2024-05-11 11:36,2024-05-10 14:31,2024-05-10 14:41,FREEBIES FOR BUYERS ONLY,,5,5,1,5,2024-05-18 10:31
2405100YCCX4J3,Completed,SPEPH041989233135,Standard Local-SPX Express,pickup,2024-06-03 17:58,2024-05-13 13:30,2024-05-10 17:48,2024-05-10 17:58,FREEBIES FOR BUYERS ONLY (2),,5,5,1,5,2024-05-18 10:35
240510148TTQRR,Completed,SPEPH041492948105,Standard Local-SPX Express,pickup,2024-06-03 19:15,2024-05-13 13:29,2024-05-10 19:15,2024-05-10 19:15,FREEBIES FOR BUYERS ONLY (2),,5,5,1,5,2024-05-15 10:29
2405112RMJ07FJ,Completed,SPEPH044080703595,Standard Local-SPX Express,pickup,2024-06-04 11:03,2024-05-13 13:29,2024-05-11 10:53,2024-05-11 11:03,FREEBIES FOR BUYERS ONLY,,5,5,1,5,2024-05-18 09:08
2405112U71T4UN,Completed,P03104P5Z2SBF,Standard Local-Flash Express,pickup,2024-06-04 11:49,2024-05-14 14:09,2024-05-11 11:39,2024-05-11 11:49,FREEBIES FOR BUYERS ONLY,,5,5,1,5,2024-05-18 19:30
24051131CJR512,Completed,SPEPH042133417755,Standard Local-SPX Express,pickup,2024-06-04 13:39,2024-05-13 13:29,2024-05-11 13:29,2024-05-11 13:39,FREEBIES FOR BUYERS ONLY,,5,5,1,5,2024-05-17 10:27
240511350XTWY6,Completed,SPEPH043974772695,Standard Local-SPX Express,pickup,2024-06-04 14:44,2024-05-13 13:29,2024-05-11 14:34,2024-05-11 14:44,FREEBIES FOR BUYERS ONLY,,5,5,1,5,2024-05-24 06:54
24051135E69014,Completed,788778263163,Standard Local-J&T Express,pickup,2024-06-04 14:42,2024-05-13 12:42,2024-05-11 14:42,2024-05-11 14:42,FREEBIES FOR BUYERS ONLY,,5,5,1,5,2024-05-15 07:21
24051135QHNBDF,Completed,788785400660,Standard Local-J&T Express,pickup,2024-06-04 14:57,2024-05-13 12:42,2024-05-11 14:47,2024-05-11 14:57,FREEBIES FOR BUYERS ONLY,,5,5,1,5,2024-05-14 13:31
240511369JP5MA,Completed,SPEPH042835028585,Standard Local-SPX Express,pickup,2024-06-04 15:07,2024-05-13 13:29,2024-05-11 14:57,2024-05-11 15:07,FREEBIES FOR BUYERS ONLY,,5,5,1,5,2024-05-19 10:40
24051136A8JTWC,Completed,SPEPH042270228465,Standard Local-SPX Express,pickup,2024-06-04 15:07,2024-05-13 13:29,2024-05-11 14:57,2024-05-11 15:07,FREEBIES FOR BUYERS ONLY,,5,5,1,5,2024-05-17 17:07
24051136S4EQWF,Completed,788781878429,Standard Local-J&T Express,pickup,2024-06-04 15:16,2024-05-13 12:42,2024-05-11 15:06,2024-05-11 15:16,FREEBIES FOR BUYERS ONLY (2),,5,5,1,5,2024-05-14 18:44
2405113BX6W1AV,Completed,SPEPH041813822755,Standard Local-SPX Express,pickup,2024-06-04 16:48,2024-05-13 13:29,2024-05-11 16:38,2024-05-11 16:48,FREEBIES FOR BUYERS ONLY,,5,5,1,5,2024-05-18 08:09
2405113CCEQY44,Completed,SPEPH048045647825,Standard Local-SPX Express,pickup,2024-06-04 16:56,2024-05-13 13:29,2024-05-11 16:46,2024-05-11 16:56,FREEBIES FOR BUYERS ONLY,,5,5,1,5,2024-05-19 09:53
2405113G8VCAW6,Completed,SPEPH044607401005,Standard Local-SPX Express,pickup,2024-06-04 18:05,2024-05-13 13:29,2024-05-11 17:55,2024-05-11 18:05,FREEBIES FOR BUYERS ONLY,,5,5,1,5,2024-05-14 23:05
2405113H937T1F,Completed,SPEPH042601913295,Standard Local-SPX Express,pickup,2024-06-04 18:23,2024-05-25 11:59,2024-05-11 18:13,2024-05-11 18:23,FREEBIES FOR BUYERS ONLY,,5,5,1,5,2024-05-31 10:00
2405125DX18074,Completed,SPEPH047298735705,Standard Local-SPX Express,pickup,2024-06-04 12:29,2024-05-13 13:29,2024-05-12 12:19,2024-05-12 12:29,FREEBIES FOR BUYERS ONLY,,5,5,1,5,2024-05-18 07:27
2405125E12GE9S,Completed,SPEPH048268667995,Standard Local-SPX Express,pickup,2024-06-04 12:31,2024-05-13 13:29,2024-05-12 12:21,2024-05-12 12:31,FREEBIES FOR BUYERS ONLY,,5,5,1,5,2024-05-19 10:10
2405125MY1F2QT,Completed,SPEPH046930248655,Shopee Self Pick-up,pickup,2024-06-04 14:25,2024-05-18 12:23,2024-05-12 14:25,2024-05-12 14:25,FREEBIES FOR BUYERS ONLY,,5,5,1,5,2024-05-24 08:03
2405125RWY5HJK,Completed,788778100085,Standard Local-J&T Express,pickup,2024-06-04 15:36,2024-05-13 12:42,2024-05-12 15:36,2024-05-12 15:36,FREEBIES FOR BUYERS ONLY,,5,5,1,5,2024-05-15 16:22
2405125TJGGXWX,Completed,788786803845,Standard Local-J&T Express,pickup,2024-05-14 16:15,2024-05-13 12:42,2024-05-12 16:05,2024-05-12 16:15,ASSORTED TOPS (ANDRIA PAZ),,104,104,1,104,2024-05-18 17:33
2405125XUDNXRW,Completed,788763988660,Standard Local-J&T Express,pickup,2024-06-04 17:32,2024-05-13 12:42,2024-05-12 17:22,2024-05-12 17:32,FREEBIES FOR BUYERS ONLY (2),,5,5,1,5,2024-05-17 06:39
24051264JXBPNV,Completed,SPEPH040758528525,Standard Local-SPX Express,pickup,2024-06-04 19:14,2024-05-13 13:30,2024-05-12 19:04,2024-05-12 19:14,FREEBIES FOR BUYERS ONLY,,5,5,1,5,2024-05-16 16:35
24051268N40CA5,Completed,SPEPH042914453885,Standard Local-SPX Express,pickup,2024-06-04 20:27,2024-05-13 13:30,2024-05-12 20:17,2024-05-12 20:27,FREEBIES FOR BUYERS ONLY,,5,5,1,5,2024-05-18 09:21
2405126BSFYPM0,Completed,SPEPH046039374285,Standard Local-SPX Express,pickup,2024-06-04 21:23,2024-05-13 13:30,2024-05-12 21:13,2024-05-12 21:23,FREEBIES FOR BUYERS ONLY,,5,5,1,5,2024-05-21 08:34
2405126D3X300D,Completed,SPEPH042917381125,Standard Local-SPX Express,pickup,2024-06-04 21:47,2024-05-17 13:34,2024-05-12 21:37,2024-05-12 21:47,FREEBIES FOR BUYERS ONLY,,5,5,1,5,2024-05-23 09:32
240515CGQY97K5,Completed,SPEPH044397254315,Standard Local-SPX Express,pickup,2024-06-07 08:08,2024-05-18 12:28,2024-05-15 07:58,2024-05-15 08:08,FREEBIES FOR BUYERS ONLY,,5,5,1,5,2024-05-20 16:27
240516FET8WXTQ,Completed,SPEPH041311310355,Standard Local-SPX Express,pickup,2024-06-08 12:11,2024-05-20 13:30,2024-05-16 12:01,2024-05-16 12:11,FREEBIES FOR BUYERS ONLY,,5,5,1,5,2024-05-22 20:21
240516FGEA1YAD,Completed,SPEPH042909252185,Standard Local-SPX Express,pickup,2024-06-08 12:40,2024-05-18 12:28,2024-05-16 12:30,2024-05-16 12:40,FREEBIES FOR BUYERS ONLY (2),,5,5,1,5,2024-05-23 15:57
240516FGN6B89T,Completed,SPEPH048625422335,Standard Local-SPX Express,pickup,2024-06-08 12:44,2024-05-18 12:28,2024-05-16 12:34,2024-05-16 12:44,FREEBIES FOR BUYERS ONLY,,5,5,1,5,2024-05-25 08:13
240516FJHGK25D,Completed,788807385770,Standard Local-J&T Express,pickup,2024-06-08 13:08,2024-05-22 12:06,2024-05-16 13:08,2024-05-16 13:08,FREEBIES FOR BUYERS ONLY (2),,5,5,1,5,2024-05-26 17:14
240516FKQUWHYA,Completed,788800756027,Standard Local-J&T Express,pickup,2024-06-08 13:39,2024-05-18 12:43,2024-05-16 13:29,2024-05-16 13:39,FREEBIES FOR BUYERS ONLY,,5,5,1,5,2024-05-28 12:14
240516FKSFDPPP,Completed,SPEPH046705011265,Standard Local-SPX Express,pickup,2024-06-08 13:40,2024-05-18 12:28,2024-05-16 13:30,2024-05-16 13:40,FREEBIES FOR BUYERS ONLY,,5,5,1,5,2024-05-24 08:51
240516FPY4EMQ4,Completed,788800095714,Standard Local-J&T Express,pickup,2024-06-08 14:28,2024-05-18 12:43,2024-05-16 14:27,2024-05-16 14:28,FREEBIES FOR BUYERS ONLY,,5,5,1,5,2024-05-20 13:42
240516FR2HEEKC,Completed,788805987525,Standard Local-J&T Express,pickup,2024-06-08 14:47,2024-05-22 12:06,2024-05-16 14:47,2024-05-16 14:47,FREEBIES FOR BUYERS ONLY (2),,5,5,1,5,2024-05-25 13:46
240516FVWN91JB,Completed,788807751102,Standard Local-J&T Express,pickup,2024-06-08 16:24,2024-05-22 12:06,2024-05-16 16:14,2024-05-16 16:24,FREEBIES FOR BUYERS ONLY (2),,5,5,1,5,2024-05-31 08:15
240516G12HR6F5,Completed,P17164R17B6AQ,Standard Local-Flash Express,pickup,2024-06-08 17:38,2024-05-18 14:06,2024-05-16 17:28,2024-05-16 17:38,ASSORTED TOPS LINK FOR BUYERS,,10,10,1,10,2024-05-24 10:08
240516GA5R35NF,Completed,P62064RC321AA,Standard Local-Flash Express,pickup,2024-06-08 20:21,2024-05-18 14:06,2024-05-16 20:11,2024-05-16 20:21,FREEBIES FOR BUYERS ONLY,,5,5,1,5,2024-05-22 05:35
240516GK739YSN,Completed,SPEPH046639477095,Standard Local-SPX Express,pickup,2024-06-08 23:03,2024-05-20 13:30,2024-05-16 22:53,2024-05-16 23:03,FREEBIES FOR BUYERS ONLY,,5,5,1,5,2024-05-26 22:45
240516GM68T1XP,Completed,788800464768,Standard Local-J&T Express,pickup,2024-06-08 23:10,2024-05-20 13:32,2024-05-16 23:10,2024-05-16 23:10,FREEBIES FOR BUYERS ONLY,,5,5,1,5,2024-05-25 09:41
240517HGBSGY29,Completed,SPEPH048585287485,Standard Local-SPX Express,pickup,2024-06-10 07:44,2024-05-18 12:28,2024-05-17 07:34,2024-05-17 07:44,FREEBIES FOR BUYERS ONLY,,5,5,1,5,2024-05-22 07:46
240517HGQUR32H,Completed,SPEPH047808802335,Standard Local-SPX Express,pickup,2024-06-10 07:51,2024-05-18 12:28,2024-05-17 07:41,2024-05-17 07:51,FREEBIES FOR BUYERS ONLY,,5,5,1,5,2024-05-22 09:33
240517HK8VSSVJ,Completed,788808692109,Standard Local-J&T Express,pickup,2024-06-10 08:27,2024-05-22 12:06,2024-05-17 08:26,2024-05-17 08:27,FREEBIES FOR BUYERS ONLY (2),,5,5,1,5,2024-05-25 01:36
240517HR8T5K34,Completed,SPEPH040003487605,Standard Local-SPX Express,pickup,2024-06-10 10:06,2024-05-20 13:30,2024-05-17 09:56,2024-05-17 10:06,FREEBIES FOR BUYERS ONLY,,5,5,1,5,2024-05-24 23:51
240517J2UT7F6N,Completed,SPEPH049220244645,Standard Local-SPX Express,pickup,2024-06-10 13:15,2024-05-18 12:28,2024-05-17 13:05,2024-05-17 13:15,FREEBIES FOR BUYERS ONLY,,5,5,1,5,2024-05-27 13:22
240517J5X6AYTV,Completed,SPEPH045978729615,Standard Local-SPX Express,pickup,2024-06-10 14:10,2024-05-20 13:30,2024-05-17 14:00,2024-05-17 14:10,FREEBIES FOR BUYERS ONLY,,5,5,1,5,2024-05-29 09:17
240517J7B1M68N,Completed,SPEPH041525375775,Standard Local-SPX Express,pickup,2024-06-10 14:36,2024-05-18 12:28,2024-05-17 14:26,2024-05-17 14:36,FREEBIES FOR BUYERS ONLY,,5,5,1,5,2024-05-24 09:12
240517JB9A9GDJ,Completed,SPEPH049140711425,Standard Local-SPX Express,pickup,2024-06-10 15:46,2024-05-18 12:28,2024-05-17 15:36,2024-05-17 15:46,FREEBIES FOR BUYERS ONLY,,5,5,1,5,2024-05-26 09:53
240517JG8E0BK6,Completed,SPEPH048377794375,Standard Local-SPX Express,pickup,2024-06-10 17:15,2024-05-20 13:30,2024-05-17 17:05,2024-05-17 17:15,FREEBIES FOR BUYERS ONLY,,5,5,1,5,2024-05-23 16:13
240517JKETTNVS,Completed,788803366347,Standard Local-J&T Express,pickup,2024-06-10 18:12,2024-05-20 13:32,2024-05-17 18:02,2024-05-17 18:12,FREEBIES FOR BUYERS ONLY,,5,5,1,5,2024-05-28 08:08
240517JU1NBJVN,Completed,SPEPH042808976295,Standard Local-SPX Express,pickup,2024-06-10 20:28,2024-05-20 13:30,2024-05-17 20:18,2024-05-17 20:28,FREEBIES FOR BUYERS ONLY,,5,5,1,5,2024-05-25 11:07
240517JV4J1TV1,Completed,SPEPH041734633515,Standard Local-SPX Express,pickup,2024-06-10 20:48,2024-05-20 13:30,2024-05-17 20:38,2024-05-17 20:48,FREEBIES FOR BUYERS ONLY,,5,5,1,5,2024-05-23 19:12
240517JWG769BJ,Completed,SPEPH048089312575,Standard Local-SPX Express,pickup,2024-06-10 21:12,2024-05-20 13:30,2024-05-17 21:02,2024-05-17 21:12,FREEBIES FOR BUYERS ONLY,,5,5,1,5,2024-05-27 09:50
240517JXYMG1CX,Completed,SPEPH045108622795,Standard Local-SPX Express,pickup,2024-06-10 21:39,2024-05-20 13:30,2024-05-17 21:29,2024-05-17 21:39,FREEBIES FOR BUYERS ONLY,,5,5,1,5,2024-05-29 09:03
240517K12VWBC5,Completed,P61184SK1TFAJ,Standard Local-Flash Express,pickup,2024-06-10 22:16,2024-05-22 12:55,2024-05-17 22:06,2024-05-17 22:16,FREEBIES FOR BUYERS ONLY,,5,5,1,5,2024-05-23 22:46
240517K1990VWB,Completed,SPEPH046572163825,Standard Local-SPX Express,pickup,2024-06-10 22:20,2024-05-20 13:30,2024-05-17 22:10,2024-05-17 22:20,FREEBIES FOR BUYERS ONLY,,5,5,1,5,2024-05-27 09:43
240518M2HAYNSK,Completed,SPEPH047521954865,Standard Local-SPX Express,pickup,2024-05-21 08:15,2024-05-20 13:30,2024-05-18 08:05,2024-05-18 08:15,ASSORTED TOPS (LEA ACUÑA),,560,560,1,560,2024-05-31 19:41
240518MFA8BEVP,Completed,P17054RDZHCDQ,Standard Local-Flash Express,pickup,2024-06-11 12:04,2024-05-20 14:10,2024-05-18 11:54,2024-05-18 12:04,FREEBIES FOR BUYERS ONLY,,5,5,1,5,2024-05-24 09:47
240518MH19UGFF,Completed,SPEPH043599138525,Standard Local-SPX Express,pickup,2024-06-11 12:34,2024-05-20 13:30,2024-05-18 12:24,2024-05-18 12:34,FREEBIES FOR BUYERS ONLY,,5,5,1,5,2024-05-27 09:36
240518MJV4BKYX,Completed,SPEPH048978757335,Standard Local-SPX Express,pickup,2024-06-11 13:07,2024-05-20 13:30,2024-05-18 12:57,2024-05-18 13:07,FREEBIES FOR BUYERS ONLY,,5,5,1,5,2024-05-26 12:05
240518MQSRBKXV,Completed,788803785272,Standard Local-J&T Express,pickup,2024-06-11 14:35,2024-05-20 13:32,2024-05-18 14:25,2024-05-18 14:35,FREEBIES FOR BUYERS ONLY,,5,5,1,5,2024-05-28 08:16
240518MRJMMS7X,Completed,P12024RPB71AG,Standard Local-Flash Express,pickup,2024-06-11 14:49,2024-05-20 14:10,2024-05-18 14:39,2024-05-18 14:49,FREEBIES FOR BUYERS ONLY,,5,5,1,5,2024-05-25 08:18
240518MSGXM156,Completed,SPEPH047463089575,Standard Local-SPX Express,pickup,2024-06-11 15:06,2024-05-20 13:30,2024-05-18 14:56,2024-05-18 15:06,FREEBIES FOR BUYERS ONLY,,5,5,1,5,2024-05-24 08:19
240518MTEGMTFX,Completed,P61184RP8AHEB,Standard Local-Flash Express,pickup,2024-05-21 15:23,2024-05-20 14:10,2024-05-18 15:13,2024-05-18 15:23,ASSORTED TOPS (KC LUNA),,81,81,1,81,2024-05-22 02:44
240518MTVTB8PC,Completed,SPEPH042499221975,Standard Local-SPX Express,pickup,2024-06-11 15:31,2024-05-20 13:30,2024-05-18 15:21,2024-05-18 15:31,FREEBIES FOR BUYERS ONLY,,5,5,1,5,2024-05-23 22:18
240518MU9FP7YX,Completed,788797896901,Standard Local-J&T Express,pickup,2024-06-11 15:38,2024-05-20 13:32,2024-05-18 15:28,2024-05-18 15:38,FREEBIES FOR BUYERS ONLY (2),,5,5,1,5,2024-05-27 12:19
240518NAHTJWUH,Completed,788803635315,Standard Local-J&T Express,pickup,2024-06-11 20:11,2024-05-20 13:32,2024-05-18 20:01,2024-05-18 20:11,FREEBIES FOR BUYERS ONLY,,5,5,1,5,2024-05-24 14:42
240518NME3XD37,Completed,SPEPH042329342225,Standard Local-SPX Express,pickup,2024-06-11 23:08,2024-05-20 13:30,2024-05-18 22:58,2024-05-18 23:08,FREEBIES FOR BUYERS ONLY,,5,5,1,5,2024-05-27 08:26
240519PV11JP17,Completed,788793546237,Standard Local-J&T Express,pickup,2024-05-21 10:56,2024-05-20 13:32,2024-05-19 10:46,2024-05-19 10:56,ASSORTED ITEMS BUNDLE,,1001,1001,1,1001,2024-05-24 23:32
240519Q6N05MMM,Completed,SPEPH048323479545,Standard Local-SPX Express,pickup,2024-06-11 14:07,2024-05-22 12:47,2024-05-19 13:57,2024-05-19 14:07,FREEBIES FOR BUYERS ONLY,,5,5,1,5,2024-05-28 09:45
240519QA42FJ4Y,Completed,P61184RPS8EAV,Standard Local-Flash Express,pickup,2024-06-11 14:59,2024-05-20 14:10,2024-05-19 14:59,2024-05-19 14:59,FREEBIES FOR BUYERS ONLY,,5,5,1,5,2024-05-22 13:47
240519QER2EABJ,Completed,788794870448,Standard Local-J&T Express,pickup,2024-06-11 16:22,2024-05-22 12:06,2024-05-19 16:21,2024-05-19 16:22,FREEBIES FOR BUYERS ONLY (2),,5,5,1,5,2024-05-25 01:36
240519QQQ749QC,Completed,SPEPH044522009645,Standard Local-SPX Express,pickup,2024-06-11 19:12,2024-05-22 12:47,2024-05-19 19:02,2024-05-19 19:12,FREEBIES FOR BUYERS ONLY,,5,5,1,5,2024-05-31 10:24
240519QQYRRQTD,Completed,788809487370,Standard Local-J&T Express,pickup,2024-06-11 19:17,2024-05-22 12:06,2024-05-19 19:07,2024-05-19 19:17,FREEBIES FOR BUYERS ONLY (2),,5,5,1,5,2024-06-03 18:22
240519R1RBX5HN,Completed,SPEPH042816115945,Standard Local-SPX Express,pickup,2024-06-11 22:12,2024-05-22 12:46,2024-05-19 22:02,2024-05-19 22:12,FREEBIES FOR BUYERS ONLY,,5,5,1,5,2024-05-27 09:19
240520R9MWBDGE,Completed,SPEPH045861488125,Standard Local-SPX Express,pickup,2024-06-13 00:33,2024-05-22 12:46,2024-05-20 00:23,2024-05-20 00:33,FREEBIES FOR BUYERS ONLY,,5,5,1,5,2024-05-29 13:53
240521TXW98BM8,Completed,788805171564,Standard Local-J&T Express,pickup,2024-06-14 01:59,2024-05-22 12:06,2024-05-21 01:49,2024-05-21 01:59,FREEBIES FOR BUYERS ONLY,,5,5,1,5,2024-05-27 17:58
240521UPWQRRVX,Completed,PH248571838537Q,Standard Local-SPX Express,pickup,2024-05-23 09:08,2024-05-25 11:57,2024-05-21 08:58,2024-05-21 09:08,ASSORTED ITEMS Checkout (JACKIE),,1162,1162,1,1162,2024-06-05 09:59
240521V3M24GWA,Completed,788809694031,Standard Local-J&T Express,pickup,2024-06-14 12:56,2024-05-22 12:06,2024-05-21 12:46,2024-05-21 12:56,FREEBIES FOR BUYERS ONLY,,5,5,1,5,2024-05-31 10:24
240521V75A36CC,Completed,788785155590,Standard Local-J&T Express,pickup,2024-06-14 13:59,2024-05-22 12:06,2024-05-21 13:49,2024-05-21 13:59,FREEBIES FOR BUYERS ONLY,,5,5,1,5,2024-05-28 06:43
240521V9AWVCVB,Completed,SPEPH044954876795,Standard Local-SPX Express,pickup,2024-06-14 14:38,2024-05-23 11:42,2024-05-21 14:28,2024-05-21 14:38,FREEBIES FOR BUYERS ONLY,,5,5,1,5,2024-05-29 09:33
240521VEUWSYNG,Completed,SPEPH046957463055,Standard Local-SPX Express,pickup,2024-06-14 16:17,2024-05-23 11:42,2024-05-21 16:07,2024-05-21 16:17,FREEBIES FOR BUYERS ONLY,,5,5,1,5,2024-05-26 23:38
240521VNKJJDJJ,Completed,PH248279819689W,Standard Local-SPX Express,pickup,2024-06-14 18:17,2024-05-25 11:57,2024-05-21 18:07,2024-05-21 18:17,FREEBIES FOR BUYERS ONLY,,5,5,1,5,2024-05-31 21:13
240521VPX4DQGQ,Completed,SPEPH042080071625,Standard Local-SPX Express,pickup,2024-06-14 18:41,2024-05-23 11:42,2024-05-21 18:31,2024-05-21 18:41,FREEBIES FOR BUYERS ONLY,,5,5,1,5,2024-05-27 15:55
240521VTMP4QJ2,Completed,788812088242,Standard Local-J&T Express,pickup,2024-06-14 19:48,2024-05-23 12:03,2024-05-21 19:38,2024-05-21 19:48,FREEBIES FOR BUYERS ONLY,,5,5,1,5,2024-05-25 10:16
240521VTN3G64W,Completed,SPEPH042765699125,Standard Local-SPX Express,pickup,2024-05-23 19:48,2024-05-23 11:42,2024-05-21 19:38,2024-05-21 19:48,ASSORTED ITEMS Checkout (JACKIE),,2174,2174,1,2174,2024-05-31 09:26
240521W0JC87BF,Completed,SPEPH048812613435,Standard Local-SPX Express,pickup,2024-06-14 21:34,2024-05-23 11:42,2024-05-21 21:24,2024-05-21 21:34,FREEBIES FOR BUYERS ONLY,,5,5,1,5,2024-05-26 15:10
2405220T47D5V1,Completed,SPEPH045014867035,Standard Local-SPX Express,pickup,2024-06-15 06:11,2024-05-23 11:42,2024-05-22 06:01,2024-05-22 06:11,FREEBIES FOR BUYERS ONLY,,5,5,2,10,2024-06-02 09:57
2405221UY184UQ,Completed,788809578462,Standard Local-J&T Express,pickup,2024-06-15 16:16,2024-05-23 12:03,2024-05-22 16:06,2024-05-22 16:16,FREEBIES FOR BUYERS ONLY,,5,5,1,5,2024-05-28 08:42
2405221WKFP1XT,Completed,788806176230,Standard Local-J&T Express,pickup,2024-05-24 16:45,2024-05-23 12:03,2024-05-22 16:35,2024-05-22 16:45,Branded overruns checkout (wella),,2363,2363,1,2363,2024-05-28 12:25
240522221F0AGF,Completed,SPEPH043855934695,Standard Local-SPX Express,pickup,2024-06-15 18:05,2024-05-25 11:59,2024-05-22 17:55,2024-05-22 18:05,FREEBIES FOR BUYERS ONLY,,5,5,1,5,2024-05-30 09:29
240522280HX4KD,Completed,788814580395,Standard Local-J&T Express,pickup,2024-06-15 19:42,2024-05-24 11:42,2024-05-22 19:42,2024-05-22 19:42,FREEBIES FOR BUYERS ONLY,,5,5,1,5,2024-05-26 19:58
2405222BHSVGU5,Completed,788814543664,Standard Local-J&T Express,pickup,2024-06-15 20:55,2024-05-24 11:42,2024-05-22 20:45,2024-05-22 20:55,FREEBIES FOR BUYERS ONLY (2),,5,5,1,5,2024-05-28 02:09
2405222EH5PSWQ,Completed,SPEPH048334997885,Standard Local-SPX Express,pickup,2024-06-15 21:40,2024-05-25 11:59,2024-05-22 21:38,2024-05-22 21:40,FREEBIES FOR BUYERS ONLY,,5,5,1,5,2024-06-01 10:24
2405233NUNF0XQ,Completed,PH2452346723653,Standard Local-SPX Express,pickup,2024-06-17 09:32,2024-05-25 11:58,2024-05-23 09:22,2024-05-23 09:32,FREEBIES FOR BUYERS ONLY,,5,5,1,5,2024-06-02 09:27
24052340SS5YWU,Completed,P61184TNWEKCV,Standard Local-Flash Express,pickup,2024-06-17 12:48,2024-05-25 13:31,2024-05-23 12:38,2024-05-23 12:48,FREEBIES FOR BUYERS ONLY,,5,5,1,5,2024-05-26 14:30
24052346E8PNBA,Completed,788814205764,Standard Local-J&T Express,pickup,2024-06-17 14:29,2024-05-27 12:10,2024-05-23 14:19,2024-05-23 14:29,FREEBIES FOR BUYERS ONLY,,5,5,1,5,2024-06-05 17:37
240523498N5GYF,Completed,788816195076,Standard Local-J&T Express,pickup,2024-06-17 15:09,2024-05-27 12:10,2024-05-23 15:09,2024-05-23 15:09,FREEBIES FOR BUYERS ONLY,,5,5,1,5,2024-05-28 16:34
2405234D8Q3RFH,Completed,788815741316,Standard Local-J&T Express,pickup,2024-06-17 16:25,2024-05-27 12:10,2024-05-23 16:21,2024-05-23 16:25,FREEBIES FOR BUYERS ONLY,,5,5,1,5,2024-06-07 09:32
2405234Y42XNKG,Completed,788814624784,Standard Local-J&T Express,pickup,2024-06-17 21:51,2024-05-27 12:10,2024-05-23 21:41,2024-05-23 21:51,FREEBIES FOR BUYERS ONLY (2),,5,5,1,5,2024-05-29 01:46
24052352WBDCDF,Completed,788813889494,Standard Local-J&T Express,pickup,2024-06-17 22:58,2024-05-27 12:10,2024-05-23 22:48,2024-05-23 22:58,FREEBIES FOR BUYERS ONLY,,5,5,1,5,2024-06-02 10:24
24052468SWJCQQ,Completed,PH241368475537N,Standard Local-SPX Express,pickup,2024-06-18 10:16,2024-05-25 11:59,2024-05-24 10:06,2024-05-24 10:16,FREEBIES FOR BUYERS ONLY,,5,5,1,5,2024-05-31 08:58
2405246SYXJHYK,Completed,SPEPH042268424875,Standard Local-SPX Express,pickup,2024-06-18 15:24,2024-05-25 11:59,2024-05-24 15:14,2024-05-24 15:24,FREEBIES FOR BUYERS ONLY,,5,5,1,5,2024-05-27 23:41
24052472G5FC39,Completed,SPEPH046910384985,Standard Local-SPX Express,pickup,2024-06-18 17:56,2024-05-25 11:59,2024-05-24 17:46,2024-05-24 17:56,FREEBIES FOR BUYERS ONLY,,5,5,1,5,2024-05-31 10:23
24052475D13N4J,Completed,788811631428,Standard Local-J&T Express,pickup,2024-06-18 18:48,2024-05-27 12:10,2024-05-24 18:38,2024-05-24 18:48,FREEBIES FOR BUYERS ONLY,,5,5,1,5,2024-05-29 14:21
24052478HVAMT9,Completed,788819530906,Standard Local-J&T Express,pickup,2024-05-27 19:45,2024-05-27 12:10,2024-05-24 19:35,2024-05-24 19:45,ASSORTED ITEMS Checkout (JACKIE),,414,414,1,414,2024-06-04 09:40
2405247DF8Q2DJ,Completed,788816842593,Standard Local-J&T Express,pickup,2024-06-18 21:13,2024-05-27 12:10,2024-05-24 21:03,2024-05-24 21:13,FREEBIES FOR BUYERS ONLY,,5,5,1,5,2024-06-01 13:37
2405247F6TBC64,Completed,SPEPH047186697505,Standard Local-SPX Express,pickup,2024-06-18 21:44,2024-05-27 13:20,2024-05-24 21:34,2024-05-24 21:44,FREEBIES FOR BUYERS ONLY,,5,5,1,5,2024-06-02 09:48
2405247NC5M0SV,Completed,SPEPH045204420095,Standard Local-SPX Express,pickup,2024-06-18 23:24,2024-05-27 13:19,2024-05-24 23:24,2024-05-24 23:24,FREEBIES FOR BUYERS ONLY,,5,5,1,5,2024-05-28 19:25
2405247PA4XER1,Completed,SPEPH045560940285,Standard Local-SPX Express,pickup,2024-06-18 23:51,2024-05-27 13:19,2024-05-24 23:41,2024-05-24 23:51,FREEBIES FOR BUYERS ONLY,,5,5,1,5,2024-06-01 10:04
2405258Y28SUM5,Completed,SPEPH048884480635,Standard Local-SPX Express,pickup,2024-06-19 12:00,2024-05-27 13:19,2024-05-25 11:50,2024-05-25 12:00,FREEBIES FOR BUYERS ONLY,,5,5,1,5,2024-06-06 08:39
24052590624B5R,Completed,SPEPH047692319605,Standard Local-SPX Express,pickup,2024-06-19 12:20,2024-05-27 13:19,2024-05-25 12:10,2024-05-25 12:20,FREEBIES FOR BUYERS ONLY,,5,5,1,5,2024-06-02 08:10
2405259278TPJT,Completed,SPEPH049674992545,Standard Local-SPX Express,pickup,2024-06-19 12:47,2024-05-27 13:19,2024-05-25 12:47,2024-05-25 12:47,FREEBIES FOR BUYERS ONLY,,5,5,1,5,2024-05-29 08:34
2405259369JQTC,Completed,PH240056730585S,Standard Local-SPX Express,pickup,2024-06-19 13:14,2024-05-27 13:19,2024-05-25 13:04,2024-05-25 13:14,FREEBIES FOR BUYERS ONLY (2),,5,5,1,5,2024-06-04 22:48
24052594U3GWC3,Completed,PH242761293310J,Standard Local-SPX Express,pickup,2024-06-19 13:44,2024-05-27 13:19,2024-05-25 13:34,2024-05-25 13:44,FREEBIES FOR BUYERS ONLY,,5,5,1,5,2024-06-03 12:59
2405259ARG379T,Completed,PH244278036057J,Standard Local-SPX Express,pickup,2024-06-19 15:29,2024-05-27 13:19,2024-05-25 15:19,2024-05-25 15:29,FREEBIES FOR BUYERS ONLY,,5,5,1,5,2024-06-05 08:55
2405259E59X63Q,Completed,PH241066699131G,Standard Local-SPX Express,pickup,2024-06-19 16:30,2024-05-27 13:19,2024-05-25 16:20,2024-05-25 16:30,FREEBIES FOR BUYERS ONLY,,5,5,1,5,2024-06-03 08:01
2405259PQJKRCP,Completed,788817611237,Standard Local-J&T Express,pickup,2024-06-19 18:54,2024-05-27 12:10,2024-05-25 18:54,2024-05-25 18:54,FREEBIES FOR BUYERS ONLY,,5,5,1,5,2024-05-29 07:03
240525A0VUYM4N,Completed,788819900303,Standard Local-J&T Express,pickup,2024-06-19 22:06,2024-05-27 12:10,2024-05-25 21:56,2024-05-25 22:06,FREEBIES FOR BUYERS ONLY,,5,5,1,5,2024-06-02 10:23
240525A757H3QK,Completed,788809353659,Standard Local-J&T Express,pickup,2024-06-19 23:58,2024-05-27 12:10,2024-05-25 23:48,2024-05-25 23:58,FREEBIES FOR BUYERS ONLY,,5,5,1,5,2024-06-06 08:47
240526B08B5TVG,Completed,SPEPH040891123875,Standard Local-SPX Express,pickup,2024-05-28 07:27,2024-05-27 13:19,2024-05-26 07:17,2024-05-26 07:27,Branded overruns checkout (wella),,828,828,1,828,2024-05-28 11:24
240526BMXTCSP3,Completed,SPEPH048112809985,Standard Local-SPX Express,pickup,2024-06-19 13:37,2024-05-27 13:19,2024-05-26 13:27,2024-05-26 13:37,FREEBIES FOR BUYERS ONLY,,5,5,1,5,2024-06-01 08:36
240526BR9U1YE9,Completed,788819902543,Standard Local-J&T Express,pickup,2024-06-19 14:37,2024-05-27 12:10,2024-05-26 14:27,2024-05-26 14:37,FREEBIES FOR BUYERS ONLY,,5,5,1,5,2024-06-06 13:31
240526BTSK0A7N,Completed,SPEPH041327417195,Standard Local-SPX Express,pickup,2024-06-19 15:22,2024-05-27 13:19,2024-05-26 15:12,2024-05-26 15:22,FREEBIES FOR BUYERS ONLY,,5,5,1,5,2024-06-01 10:18
240526BVB6WCCK,Completed,SPEPH043194122805,Standard Local-SPX Express,pickup,2024-06-19 15:49,2024-05-27 13:19,2024-05-26 15:39,2024-05-26 15:49,FREEBIES FOR BUYERS ONLY,,5,5,1,5,2024-06-02 09:23
240526BWJ94KBW,Completed,SPEPH047764306255,Standard Local-SPX Express,pickup,2024-06-19 16:11,2024-05-31 12:57,2024-05-26 16:01,2024-05-26 16:11,FREEBIES FOR BUYERS ONLY,,5,5,1,5,2024-06-08 10:32
240526C1D729U0,Completed,SPEPH048622369635,Standard Local-SPX Express,pickup,2024-06-19 17:10,2024-05-30 11:55,2024-05-26 17:10,2024-05-26 17:10,FREEBIES FOR BUYERS ONLY,,5,5,1,5,2024-05-31 23:50
240526CKNRE4MR,Completed,SPEPH040798955845,Standard Local-SPX Express,pickup,2024-06-19 22:47,2024-05-31 12:57,2024-05-26 22:37,2024-05-26 22:47,FREEBIES FOR BUYERS ONLY,,5,5,1,5,2024-06-06 09:26
240526CM9CY947,Completed,SPEPH049447296645,Standard Local-SPX Express,pickup,2024-06-19 22:48,2024-05-31 12:57,2024-05-26 22:48,2024-05-26 22:48,FREEBIES FOR BUYERS ONLY (2),,5,5,1,5,2024-06-05 17:15
240527E0S4RSXV,Completed,SPEPH042031870735,Standard Local-SPX Express,pickup,2024-06-20 12:14,2024-05-31 12:57,2024-05-27 12:04,2024-05-27 12:14,FREEBIES FOR BUYERS ONLY,,5,5,1,5,2024-06-06 12:37
240527E6QQJ48D,Completed,PH241186611102Z,Standard Local-SPX Express,pickup,2024-06-20 14:01,2024-05-31 12:57,2024-05-27 13:51,2024-05-27 14:01,FREEBIES FOR BUYERS ONLY,,5,5,1,5,2024-06-05 14:20
240527EBBGT6N1,Completed,788827561472,Standard Local-J&T Express,pickup,2024-06-20 15:23,2024-05-31 11:57,2024-05-27 15:13,2024-05-27 15:23,FREEBIES FOR BUYERS ONLY,,5,5,1,5,2024-06-10 10:59
240527ETYU3T78,Completed,788826966582,Standard Local-J&T Express,pickup,2024-06-20 20:03,2024-05-31 11:56,2024-05-27 19:53,2024-05-27 20:03,FREEBIES FOR BUYERS ONLY (2),,5,5,1,5,2024-06-05 06:23
240528GWHMEXM7,Completed,788829630764,Standard Local-J&T Express,pickup,2024-06-21 15:54,2024-05-31 11:56,2024-05-28 15:44,2024-05-28 15:54,FREEBIES FOR BUYERS ONLY,,5,5,1,5,2024-06-05 20:27
240529KG5SB974,Completed,788828573389,Standard Local-J&T Express,pickup,2024-05-31 16:33,2024-05-31 11:56,2024-05-29 16:23,2024-05-29 16:33,ASSORTED ITEMS Checkout (JACKIE),,2346,2346,1,2346,2024-06-05 14:59
240529KT7105UX,Completed,788841590640,Standard Local-J&T Express,pickup,2024-06-22 19:23,2024-06-10 12:29,2024-05-29 19:23,2024-05-29 19:23,FREEBIES FOR BUYERS ONLY,,5,5,1,5,2024-06-13 21:27
240530NPSDW9JY,Completed,788835213093,Standard Local-J&T Express,pickup,2024-06-24 13:37,2024-06-05 11:57,2024-05-30 13:27,2024-05-30 13:37,FREEBIES FOR BUYERS ONLY,,5,5,1,5,2024-06-15 08:13
240530NQQYE8AU,Completed,788827918699,Standard Local-J&T Express,pickup,2024-06-24 13:54,2024-06-05 11:57,2024-05-30 13:44,2024-05-30 13:54,FREEBIES FOR BUYERS ONLY,,5,5,1,5,2024-06-15 08:43
240530NXEGX7UQ,Completed,P24284Z1UD0AV,Standard Local-Flash Express,pickup,2024-06-11 15:54,2024-06-09 13:48,2024-05-30 15:44,2024-05-30 15:54,BARBARA RUFFLE SLEEVES TOP BARK CREPE FABRIC,"Offwhite,FREESIZE S-L",99,99,1,99,2024-06-12 15:57
240530P0AGKRX2,Completed,SPEPH046993701835,Standard Local-SPX Express,pickup,2024-06-01 16:27,2024-06-03 12:16,2024-05-30 16:17,2024-05-30 16:27,ASSORTED ITEMS Checkout (JACKIE),,564,564,1,564,2024-06-12 09:13
240530P2QC4NR3,Completed,788840349286,Standard Local-J&T Express,pickup,2024-06-24 17:10,2024-06-05 11:57,2024-05-30 17:00,2024-05-30 17:10,FREEBIES FOR BUYERS ONLY,,5,5,1,5,2024-06-10 09:05
240530PMCPEMK1,Completed,SPEPH047260976436,Standard Local-SPX Express,pickup,2024-06-24 22:26,2024-06-08 12:28,2024-05-30 22:16,2024-05-30 22:26,FREEBIES FOR BUYERS ONLY,,5,5,1,5,2024-06-15 09:44
240531REH4H0UN,Completed,SPEPH040497588976,Shopee Self Pick-up,pickup,2024-06-25 15:38,2024-06-05 12:24,2024-05-31 15:37,2024-05-31 15:38,FREEBIES FOR BUYERS ONLY,,5,5,1,5,2024-06-10 10:32
240531RFJ82A8G,Completed,SPEPH044797782326,Standard Local-SPX Express,pickup,2024-06-25 16:05,2024-06-05 12:24,2024-05-31 15:55,2024-05-31 16:05,FREEBIES FOR BUYERS ONLY (2),,5,5,1,5,2024-06-07 18:44
240531RFXY9491,Completed,788836963297,Standard Local-J&T Express,pickup,2024-06-25 16:03,2024-06-05 11:57,2024-05-31 16:03,2024-05-31 16:03,FREEBIES FOR BUYERS ONLY (2),,5,5,1,5,2024-06-08 14:52
240531RNDMS2A3,Completed,SPEPH048872275896,Standard Local-SPX Express,pickup,2024-06-25 17:50,2024-06-05 12:24,2024-05-31 17:40,2024-05-31 17:50,FREEBIES FOR BUYERS ONLY,,5,5,1,5,2024-06-15 09:19
240531RU2V00K1,Completed,SPEPH045403464506,Standard Local-SPX Express,pickup,2024-06-25 19:32,2024-06-05 12:24,2024-05-31 19:22,2024-05-31 19:32,FREEBIES FOR BUYERS ONLY,,5,5,1,5,2024-06-07 11:05
240531RVQ4T3KD,Completed,SPEPH045244077696,Standard Local-SPX Express,pickup,2024-06-25 20:01,2024-06-05 12:24,2024-05-31 19:51,2024-05-31 20:01,FREEBIES FOR BUYERS ONLY (2),,5,5,1,5,2024-06-14 18:39