Order ID,Order Status,Tracking Number*,Shipping Option,Shipment Method,Estimated Ship Out Date,Ship Time,Order Creation Date,Order Paid Time,Product Name,Variation Name,Original Price,Deal Price,Quantity
2306018T6VAMXX,Completed,786488055912,Standard Local-J&T Express,pickup,2023-06-14 15:27,2023-06-02 13:10,2023-06-01 15:17,2023-06-01 15:27,ZARA TWEED COORDINATES (SKIRT & SHORTS TERNO) - NEW COLORS,"Choco\White Skirt,L-XL",290,290,1
2306029QN7H802,Completed,SPEPH033576455176,Standard Local-SPX Express,pickup,2023-06-15 00:14,2023-06-02 16:47,2023-06-02 00:04,2023-06-02 00:14,ZARA TWEED COORDINATES (SKIRT & SHORTS TERNO) - NEW COLORS,"Pink Short,L-XL",290,290,1
230602AMT68VA1,Completed,SPEPH036587716106,Standard Local-SPX Express,pickup,2023-06-15 08:55,2023-06-02 16:47,2023-06-02 08:45,2023-06-02 08:55,ZARA TWEED COORDINATES (SKIRT & SHORTS TERNO) - NEW COLORS,"Black/White(2) Skirt,S-M",290,290,1
230602AQWMQP1Y,Completed,786542473724,Standard Local-J&T Express,pickup,2023-06-15 09:42,2023-06-09 14:14,2023-06-02 09:41,2023-06-02 09:42,ZARA TWEED COORDINATES (SKIRT & SHORTS TERNO) - NEW COLORS,"Black/White(2) Short,L-XL",290,290,1
230602ARU6SSST,Completed,786542570995,Standard Local-J&T Express,pickup,2023-06-15 10:08,2023-06-09 14:14,2023-06-02 09:58,2023-06-02 10:08,ZARA TWEED COORDINATES (SKIRT & SHORTS TERNO) - NEW COLORS,"Black/White(2) Short,S-M",290,290,1
230602AT985CTN,Completed,SPEPH039794179876,Standard Local-SPX Express,pickup,2023-06-15 10:33,2023-06-02 16:47,2023-06-02 10:23,2023-06-02 10:33,ZARA TWEED COORDINATES (SKIRT & SHORTS TERNO) - NEW COLORS,"Black/White(2) Skirt,L-XL",290,290,1
230602AUPY3D19,Completed,SPEPH034054917406,Standard Local-SPX Express,pickup,2023-06-15 10:59,2023-06-02 16:47,2023-06-02 10:49,2023-06-02 10:59,ZARA TWEED COORDINATES (SKIRT & SHORTS TERNO) - NEW COLORS,"Red/White Skirt,L-XL",290,290,1
230602B4F8D777,Completed,SPEPH038508395286,Standard Local-SPX Express,pickup,2023-06-15 13:36,2023-06-02 16:47,2023-06-02 13:26,2023-06-02 13:36,ZARA TWEED COORDINATES (SKIRT & SHORTS TERNO) - NEW COLORS,"Choco\White Shorts,L-XL",290,290,1
230602BD70JEAU,Completed,SPEPH039939842176,Standard Local-SPX Express,pickup,2023-06-15 16:12,2023-06-09 15:48,2023-06-02 16:02,2023-06-02 16:12,ZARA TWEED COORDINATES (SKIRT & SHORTS TERNO),"Black Shorts,L-XL",290,290,1
230602BD70JEAU,Completed,SPEPH039939842176,Standard Local-SPX Express,pickup,2023-06-15 16:12,2023-06-09 15:48,2023-06-02 16:02,2023-06-02 16:12,ZARA TWEED COORDINATES (SKIRT & SHORTS TERNO),"Beige Skirt,L-XL",290,290,1
230602BSH409CP,Completed,786542597875,Standard Local-J&T Express,pickup,2023-06-15 19:52,2023-06-09 14:14,2023-06-02 19:42,2023-06-02 19:52,ZARA TWEED COORDINATES (SKIRT & SHORTS TERNO) - NEW COLORS,"Black/White(2) Short,L-XL",290,290,1
230602BTW8A6GC,Completed,786513092872,Standard Local-J&T Express,pickup,2023-06-15 20:17,2023-06-06 13:55,2023-06-02 20:07,2023-06-02 20:17,ZARA TWEED COORDINATES (SKIRT & SHORTS TERNO),"Beige Skirt,L-XL",290,290,1
230602BU8SD2BT,Completed,786513079356,Standard Local-J&T Express,pickup,2023-06-15 20:24,2023-06-06 13:55,2023-06-02 20:14,2023-06-02 20:24,ZARA TWEED COORDINATES (SKIRT & SHORTS TERNO),"Beige Skirt,L-XL",290,290,1
230602BU8SD2BT,Completed,786513079356,Standard Local-J&T Express,pickup,2023-06-15 20:24,2023-06-06 13:55,2023-06-02 20:14,2023-06-02 20:24,ZARA TWEED COORDINATES (SKIRT & SHORTS TERNO),"Pink Skirt,L-XL",290,290,1
230602BWBRB8JT,Completed,SPEPH033698821596,Standard Local-SPX Express,pickup,2023-06-15 21:01,2023-06-09 15:47,2023-06-02 20:51,2023-06-02 21:01,ZARA TWEED COORDINATES (SKIRT & SHORTS TERNO),"Beige Shorts,L-XL",290,290,1
230602BWBRB8JT,Completed,SPEPH033698821596,Standard Local-SPX Express,pickup,2023-06-15 21:01,2023-06-09 15:47,2023-06-02 20:51,2023-06-02 21:01,ZARA TWEED COORDINATES (SKIRT & SHORTS TERNO),"Black Shorts,L-XL",290,290,1
230602BWBRB8JT,Completed,SPEPH033698821596,Standard Local-SPX Express,pickup,2023-06-15 21:01,2023-06-09 15:47,2023-06-02 20:51,2023-06-02 21:01,ZARA TWEED COORDINATES (SKIRT & SHORTS TERNO),"Blue Shorts,L-XL",290,290,1
230602C16P81P7,Completed,SPEPH039202858496,Standard Local-SPX Express,pickup,2023-06-15 22:10,2023-06-06 16:43,2023-06-02 22:00,2023-06-02 22:10,ZARA TWEED COORDINATES (SKIRT & SHORTS TERNO),"Pink Shorts,L-XL",290,290,1
230602C1QSMJVB,Completed,SPEPH033307042476,Standard Local-SPX Express,pickup,2023-06-15 22:19,2023-06-06 16:42,2023-06-02 22:09,2023-06-02 22:19,ZARA TWEED COORDINATES (SKIRT & SHORTS TERNO) - NEW COLORS,"Beige Skirt,L-XL",290,290,1
230602C1QSMJVB,Completed,SPEPH033307042476,Standard Local-SPX Express,pickup,2023-06-15 22:19,2023-06-06 16:42,2023-06-02 22:09,2023-06-02 22:19,ZARA TWEED COORDINATES (SKIRT & SHORTS TERNO) - NEW COLORS,"Black/White(2) Skirt,L-XL",290,290,1
230603CC5MPQDD,Completed,SPEPH034273143556,Standard Local-SPX Express,pickup,2023-06-16 01:26,2023-06-06 16:43,2023-06-03 01:16,2023-06-03 01:26,ZARA TWEED COORDINATES (SKIRT & SHORTS TERNO),"Pink Skirt,L-XL",290,290,1
230603CV34QR8K,Completed,SPEPH035163781896,Standard Local-SPX Express,pickup,2023-06-16 06:11,2023-06-06 16:42,2023-06-03 06:01,2023-06-03 06:11,ZARA TWEED COORDINATES (SKIRT & SHORTS TERNO) - NEW COLORS,"Choco\White Skirt,L-XL",290,290,1
230603D5QDFH8M,Completed,SPEPH034859182036,Standard Local-SPX Express,pickup,2023-06-16 09:03,2023-06-09 15:48,2023-06-03 08:53,2023-06-03 09:03,ZARA TWEED COORDINATES (SKIRT & SHORTS TERNO),"Black Shorts,L-XL",290,290,1
230603DGSXF37C,Completed,786512870206,Standard Local-J&T Express,pickup,2023-06-16 12:22,2023-06-06 13:55,2023-06-03 12:12,2023-06-03 12:22,ZARA TWEED COORDINATES (SKIRT & SHORTS TERNO),"Black Shorts,L-XL",290,290,1
230603DNUBJTM6,Completed,SPEPH037817738426,Standard Local-SPX Express,pickup,2023-06-16 13:52,2023-06-06 16:42,2023-06-03 13:42,2023-06-03 13:52,ZARA TWEED COORDINATES (SKIRT & SHORTS TERNO),"Beige Shorts,s-M",290,290,1
230603DW0M3XUV,Completed,SPEPH030165261686,Standard Local-SPX Express,pickup,2023-06-06 16:00,2023-06-06 16:43,2023-06-03 15:50,2023-06-03 16:00,ZARA STRAPPY TOP KNITTED,"Navy blue,FREESIZE (S-L)",69,69,1
230603DW0M3XUV,Completed,SPEPH030165261686,Standard Local-SPX Express,pickup,2023-06-06 16:00,2023-06-06 16:43,2023-06-03 15:50,2023-06-03 16:00,ZARA STRAPPY TOP KNITTED,"Dark gray,FREESIZE (S-L)",69,69,1
230603E5BCGJ2G,Completed,SPEPH038289511116,Standard Local-SPX Express,pickup,2023-06-16 18:29,2023-06-06 16:43,2023-06-03 18:19,2023-06-03 18:29,ZARA TWEED COORDINATES (SKIRT & SHORTS TERNO),"White/Black Skirt,s-M",290,290,1
230603E87AJ1RY,Completed,SPEPH032951125526,Standard Local-SPX Express,pickup,2023-06-16 19:21,2023-06-06 16:42,2023-06-03 19:11,2023-06-03 19:21,ZARA TWEED COORDINATES (SKIRT & SHORTS TERNO) - NEW COLORS,"Black/White(2) Skirt,L-XL",290,290,1
230604F325KJ1M,Completed,SPEPH038501683506,Standard Local-SPX Express,pickup,2023-06-16 03:12,2023-06-06 16:43,2023-06-04 03:11,2023-06-04 03:12,ZARA TWEED COORDINATES (SKIRT & SHORTS TERNO) - NEW COLORS,"Pink Short,L-XL",290,290,1
230604FJYV7F4Q,Completed,SPEPH034803295826,Standard Local-SPX Express,pickup,2023-06-16 07:56,2023-06-06 16:43,2023-06-04 07:56,2023-06-04 07:56,ZARA TWEED COORDINATES (SKIRT & SHORTS TERNO),"Pink Shorts,L-XL",290,290,1
230604FSF60CVP,Completed,SPEPH030449346466,Standard Local-SPX Express,pickup,2023-06-16 10:02,2023-06-06 16:43,2023-06-04 09:52,2023-06-04 10:02,ZARA TWEED COORDINATES (SKIRT & SHORTS TERNO) - NEW COLORS,"Beige Skirt,L-XL",290,290,1
230604FY61RSEJ,Completed,SPEPH035443226946,Standard Local-SPX Express,pickup,2023-06-06 11:44,2023-06-06 16:43,2023-06-04 11:34,2023-06-04 11:44,ZARA KNITTED MIDI SKIRT (WITH & WITHOUT SLIT),"Purple,NO SLIT",149,149,1
230604FYUJBA0J,Completed,SPEPH037093432396,Standard Local-SPX Express,pickup,2023-06-06 11:48,2023-06-06 16:43,2023-06-04 11:46,2023-06-04 11:48,ZARA STRAPPY TOP KNITTED,"Navy blue,FREESIZE (S-L)",69,69,1
230604FYUJBA0J,Completed,SPEPH037093432396,Standard Local-SPX Express,pickup,2023-06-06 11:48,2023-06-06 16:43,2023-06-04 11:46,2023-06-04 11:48,ZARA STRAPPY TOP KNITTED,"Dark gray,FREESIZE (S-L)",69,69,1
230604G99C5GHK,Completed,786512598533,Standard Local-J&T Express,pickup,2023-06-16 14:35,2023-06-06 13:55,2023-06-04 14:35,2023-06-04 14:35,ZARA TWEED COORDINATES (SKIRT & SHORTS TERNO),"Beige Skirt,L-XL",290,290,1
230604G9SNTACQ,Completed,786512592566,Standard Local-J&T Express,pickup,2023-06-16 14:54,2023-06-06 13:55,2023-06-04 14:44,2023-06-04 14:54,ZARA TWEED COORDINATES (SKIRT & SHORTS TERNO),"Blue Shorts,L-XL",290,290,1
230604GANCQ8YP,Completed,SPEPH030757821696,Standard Local-SPX Express,pickup,2023-06-16 15:10,2023-06-06 16:43,2023-06-04 15:00,2023-06-04 15:10,ZARA TWEED COORDINATES (SKIRT & SHORTS TERNO),"Blue Skirt(New),L-XL",290,290,1
230604GD5M2FDQ,Completed,SPEPH039909060676,Standard Local-SPX Express,pickup,2023-06-06 15:45,2023-06-06 16:43,2023-06-04 15:45,2023-06-04 15:45,ZARA KNITTED TUBE TOP,"Black,FREESIZE (S-L)",69,69,1
230604GFD3UXPA,Completed,SPEPH031448111306,Standard Local-SPX Express,pickup,2023-06-16 16:35,2023-06-05 17:16,2023-06-04 16:25,2023-06-04 16:35,ZARA TWEED COORDINATES (SKIRT & SHORTS TERNO),"Black Shorts,s-M",290,290,1
230604GGPEMVGV,Completed,786512406990,Standard Local-J&T Express,pickup,2023-06-16 16:49,2023-06-06 13:55,2023-06-04 16:48,2023-06-04 16:49,ZARA TWEED COORDINATES (SKIRT & SHORTS TERNO) - NEW COLORS,"Black/White(2) Short,L-XL",290,290,1
230604GH303UM4,Completed,786512402232,Standard Local-J&T Express,pickup,2023-06-16 17:05,2023-06-06 13:55,2023-06-04 16:55,2023-06-04 17:05,ZARA TWEED COORDINATES (SKIRT & SHORTS TERNO) - NEW COLORS,"Beige Skirt,L-XL",290,290,1
230604GMY8XMMY,Completed,SPEPH033196691316,Standard Local-SPX Express,pickup,2023-06-16 18:14,2023-06-05 17:15,2023-06-04 18:04,2023-06-04 18:14,ZARA TWEED COORDINATES (SKIRT & SHORTS TERNO) - NEW COLORS,"Red/White Skirt,L-XL",290,290,1
230604GQR0Y2JA,Completed,SPEPH037653869426,Standard Local-SPX Express,pickup,2023-06-16 19:04,2023-06-09 15:48,2023-06-04 18:54,2023-06-04 19:04,ZARA TWEED COORDINATES (SKIRT & SHORTS TERNO) - NEW COLORS,"White/Black Short,S-M",290,290,1
230604GQR0Y2JA,Completed,SPEPH037653869426,Standard Local-SPX Express,pickup,2023-06-16 19:04,2023-06-09 15:48,2023-06-04 18:54,2023-06-04 19:04,ZARA TWEED COORDINATES (SKIRT & SHORTS TERNO) - NEW COLORS,"Black/White(2) Short,S-M",290,290,1
230604GR67XWTK,Completed,786512163310,Standard Local-J&T Express,pickup,2023-06-16 19:02,2023-06-06 13:55,2023-06-04 19:02,2023-06-04 19:02,ZARA TWEED COORDINATES (SKIRT & SHORTS TERNO) - NEW COLORS,"Pink Short,L-XL",290,290,1
230604GY8QTCSJ,Completed,SPEPH034737209456,Standard Local-SPX Express,pickup,2023-06-16 21:09,2023-06-05 17:15,2023-06-04 21:08,2023-06-04 21:09,ZARA TWEED COORDINATES (SKIRT & SHORTS TERNO) - NEW COLORS,"Pink Short,S-M",290,290,1
230605HDFX97DJ,Completed,786512147449,Standard Local-J&T Express,pickup,2023-06-17 01:33,2023-06-06 13:55,2023-06-05 01:23,2023-06-05 01:33,ZARA TWEED COORDINATES (SKIRT & SHORTS TERNO),"Beige Skirt,s-M",290,290,1
230605J1V4F9VR,Completed,786512036593,Standard Local-J&T Express,pickup,2023-06-17 07:38,2023-06-06 13:55,2023-06-05 07:28,2023-06-05 07:38,ZARA TWEED COORDINATES (SKIRT & SHORTS TERNO),"Black Shorts,L-XL",290,290,1
230605J1V4F9VR,Completed,786512036593,Standard Local-J&T Express,pickup,2023-06-17 07:38,2023-06-06 13:55,2023-06-05 07:28,2023-06-05 07:38,ZARA TWEED COORDINATES (SKIRT & SHORTS TERNO),"White Shorts,s-M",290,290,1
230605J94UP42P,Completed,786511948537,Standard Local-J&T Express,pickup,2023-06-17 09:48,2023-06-06 13:55,2023-06-05 09:38,2023-06-05 09:48,ZARA TWEED COORDINATES (SKIRT & SHORTS TERNO) - NEW COLORS,"Red/White Short,S-M",290,290,1
230605JD7AUMKV,Completed,786511915605,Standard Local-J&T Express,pickup,2023-06-17 10:51,2023-06-06 13:55,2023-06-05 10:51,2023-06-05 10:51,ZARA TWEED COORDINATES (SKIRT & SHORTS TERNO),"Blue Shorts,L-XL",290,290,1
230605JDMR31V0,Completed,786511908964,Standard Local-J&T Express,pickup,2023-06-17 11:08,2023-06-06 13:55,2023-06-05 10:58,2023-06-05 11:08,ZARA TWEED COORDINATES (SKIRT & SHORTS TERNO) - NEW COLORS,"White/Black Skirt,S-M",290,290,1
230605JDRCCDSY,Completed,SPEPH039958479576,Standard Local-SPX Express,pickup,2023-06-17 11:10,2023-06-05 17:16,2023-06-05 11:00,2023-06-05 11:10,ZARA TWEED COORDINATES (SKIRT & SHORTS TERNO) - NEW COLORS,"Red/White Short,L-XL",290,290,1
230605JTH08KMT,Completed,786512034657,Standard Local-J&T Express,pickup,2023-06-17 14:59,2023-06-06 13:55,2023-06-05 14:49,2023-06-05 14:59,ZARA TWEED COORDINATES (SKIRT & SHORTS TERNO),"Black Shorts,s-M",290,290,1
230605JU44FXNE,Completed,SPEPH033161584876,Standard Local-SPX Express,pickup,2023-06-17 15:10,2023-06-05 17:15,2023-06-05 15:00,2023-06-05 15:10,ZARA TWEED COORDINATES (SKIRT & SHORTS TERNO),"Pink Skirt,L-XL",290,290,1
230605JUNGFSXY,Completed,SPEPH034987633496,Standard Local-SPX Express,pickup,2023-06-17 15:10,2023-06-05 17:16,2023-06-05 15:09,2023-06-05 15:10,ZARA TWEED COORDINATES (SKIRT & SHORTS TERNO),"White/Black Skirt,L-XL",290,290,1
230605JVPWHCS8,Completed,786512135531,Standard Local-J&T Express,pickup,2023-06-07 15:38,2023-06-06 13:55,2023-06-05 15:28,2023-06-05 15:38,ZARA KNITTED MIDI SKIRT (WITH & WITHOUT SLIT),"White,NO SLIT",149,149,1
230605K9796AYY,Completed,SPEPH039141320346,Standard Local-SPX Express,pickup,2023-06-17 19:22,2023-06-07 17:28,2023-06-05 19:12,2023-06-05 19:22,ZARA TWEED COORDINATES (SKIRT & SHORTS TERNO),"Blue Shorts,s-M",290,290,1
230605K9DGFKP0,Completed,SPEPH033134013226,Standard Local-SPX Express,pickup,2023-06-17 19:25,2023-06-06 16:43,2023-06-05 19:15,2023-06-05 19:25,ZARA TWEED COORDINATES (SKIRT & SHORTS TERNO),"Blue Shorts(New),s-M",290,290,1
230605K9N7H9AK,Completed,SPEPH036052130646,Standard Local-SPX Express,pickup,2023-06-07 19:30,2023-06-06 16:43,2023-06-05 19:20,2023-06-05 19:30,ZARA STRAPPY TOP KNITTED,"Navy blue,FREESIZE (S-L)",69,69,1
230605KA55PJBN,Completed,786513426295,Standard Local-J&T Express,pickup,2023-06-17 19:39,2023-06-06 13:55,2023-06-05 19:29,2023-06-05 19:39,ZARA TWEED COORDINATES (SKIRT & SHORTS TERNO) - NEW COLORS,"Black&White Short,S-M",290,290,1
230605KE8BSWTJ,Completed,SPEPH036278758256,Standard Local-SPX Express,pickup,2023-06-17 20:52,2023-06-07 17:27,2023-06-05 20:42,2023-06-05 20:52,ZARA TWEED COORDINATES (SKIRT & SHORTS TERNO),"Beige Shorts,L-XL",290,290,1
230606KSD1DT2G,Completed,SPEPH032276766836,Standard Local-SPX Express,pickup,2023-06-19 00:11,2023-06-07 17:28,2023-06-06 00:01,2023-06-06 00:11,ZARA TWEED COORDINATES (SKIRT & SHORTS TERNO),"Beige Shorts,s-M",290,290,1
230606KSEKW0VS,Completed,786542933635,Standard Local-J&T Express,pickup,2023-06-22 00:03,2023-06-09 14:14,2023-06-06 00:02,2023-06-06 00:03,ZARA TWEED COORDINATES (SKIRT & SHORTS TERNO) - NEW COLORS,"White/Black Short,L-XL",290,290,1
230606KSEKW0VS,Completed,786542933635,Standard Local-J&T Express,pickup,2023-06-22 00:03,2023-06-09 14:14,2023-06-06 00:02,2023-06-06 00:03,ZARA TWEED COORDINATES (SKIRT & SHORTS TERNO) - NEW COLORS,"Beige Skirt,L-XL",290,290,1
230606KSV041Q7,Completed,786522639264,Standard Local-J&T Express,pickup,2023-06-19 00:10,2023-06-07 14:04,2023-06-06 00:10,2023-06-06 00:10,ZARA TWEED COORDINATES (SKIRT & SHORTS TERNO),"Beige Shorts,L-XL",290,290,1
230606MHSJ3FWR,Completed,SPEPH039623299686,Standard Local-SPX Express,pickup,2023-06-19 07:28,2023-06-07 17:27,2023-06-06 07:18,2023-06-06 07:28,ZARA TWEED COORDINATES (SKIRT & SHORTS TERNO),"Black Skirt,L-XL",290,290,1
230606MPBQUBRW,Completed,SPEPH034482793116,Standard Local-SPX Express,pickup,2023-06-19 08:40,2023-06-07 17:28,2023-06-06 08:40,2023-06-06 08:40,ZARA TWEED COORDINATES (SKIRT & SHORTS TERNO),"Beige Shorts,L-XL",290,290,1
230606MPJ21S1J,Completed,SPEPH035785992116,Standard Local-SPX Express,pickup,2023-06-19 08:44,2023-06-19 15:03,2023-06-06 08:43,2023-06-06 08:44,ZARA TWEED COORDINATES (SKIRT & SHORTS TERNO) - NEW COLORS,"Black&White Skirt,L-XL",290,290,1
230606MQ15K0BR,Completed,SPEPH030943431176,Standard Local-SPX Express,pickup,2023-06-19 08:53,2023-06-07 17:28,2023-06-06 08:52,2023-06-06 08:53,ZARA TWEED COORDINATES (SKIRT & SHORTS TERNO),"Beige Skirt,s-M",290,290,1
230606MSXR4A04,Completed,SPEPH036272753686,Standard Local-SPX Express,pickup,2023-06-19 09:54,2023-06-07 17:28,2023-06-06 09:44,2023-06-06 09:54,ZARA TWEED COORDINATES (SKIRT & SHORTS TERNO),"Black&White Shorts,s-M",290,290,1
230606MY261X05,Completed,SPEPH031070330336,Standard Local-SPX Express,pickup,2023-06-08 11:26,2023-06-07 17:28,2023-06-06 11:15,2023-06-06 11:26,ZARA LACE PADDED BOOB CORSET,Black,199,199,1
230606MY261X05,Completed,SPEPH031070330336,Standard Local-SPX Express,pickup,2023-06-08 11:26,2023-06-07 17:28,2023-06-06 11:15,2023-06-06 11:26,ZARA LACE PADDED BOOB CORSET,White,199,199,1
230606NDSK9N9J,Completed,SPEPH034152414806,Standard Local-SPX Express,pickup,2023-06-19 15:49,2023-06-07 17:27,2023-06-06 15:39,2023-06-06 15:49,ZARA TWEED COORDINATES (SKIRT & SHORTS TERNO),"Pink Shorts,L-XL",290,290,1
230606NE4P38JE,Completed,786542727467,Standard Local-J&T Express,pickup,2023-06-19 15:55,2023-06-09 14:14,2023-06-06 15:45,2023-06-06 15:55,ZARA TWEED COORDINATES (SKIRT & SHORTS TERNO),"Beige Shorts,L-XL",290,290,1
230606NE4P38JE,Completed,786542727467,Standard Local-J&T Express,pickup,2023-06-19 15:55,2023-06-09 14:14,2023-06-06 15:45,2023-06-06 15:55,ZARA TWEED COORDINATES (SKIRT & SHORTS TERNO),"Black&White Shorts,L-XL",290,290,1
230606NH3GNBSJ,Completed,SPEPH031038715496,Standard Local-SPX Express,pickup,2023-06-19 16:41,2023-06-09 15:48,2023-06-06 16:38,2023-06-06 16:41,ZARA TWEED COORDINATES (SKIRT & SHORTS TERNO),"Black&White Shorts,L-XL",290,290,1
230606NHEYS96S,Completed,786522025992,Standard Local-J&T Express,pickup,2023-06-19 16:55,2023-06-07 14:04,2023-06-06 16:45,2023-06-06 16:55,ZARA TWEED COORDINATES (SKIRT & SHORTS TERNO),"Beige Skirt,s-M",290,290,1
230606NHEYS96S,Completed,786522025992,Standard Local-J&T Express,pickup,2023-06-19 16:55,2023-06-07 14:04,2023-06-06 16:45,2023-06-06 16:55,ZARA KNITTED TUBE TOP,"Charcoal gray,FREESIZE (S-L)",69,69,1
230606NHEYS96S,Completed,786522025992,Standard Local-J&T Express,pickup,2023-06-19 16:55,2023-06-07 14:04,2023-06-06 16:45,2023-06-06 16:55,ZARA KNITTED MIDI SKIRT (WITH & WITHOUT SLIT),"Charcoal,NO SLIT",149,149,1
230606NHEYS96S,Completed,786522025992,Standard Local-J&T Express,pickup,2023-06-19 16:55,2023-06-07 14:04,2023-06-06 16:45,2023-06-06 16:55,ZARA STRAPPY TOP KNITTED,"Moss brown,FREESIZE (S-L)",69,69,1
230606NKQNUWKX,Completed,786521980220,Standard Local-J&T Express,pickup,2023-06-19 17:26,2023-06-07 14:04,2023-06-06 17:25,2023-06-06 17:26,ZARA TWEED COORDINATES (SKIRT & SHORTS TERNO) - NEW COLORS,"Black/White(2) Skirt,S-M",290,290,1
230606NRY4HNGQ,Completed,SPEPH030127561076,Standard Local-SPX Express,pickup,2023-06-19 19:09,2023-06-19 15:03,2023-06-06 18:59,2023-06-06 19:09,ZARA TWEED COORDINATES (SKIRT & SHORTS TERNO),"Beige Skirt,L-XL",290,290,1
230606NRY4HNGQ,Completed,SPEPH030127561076,Standard Local-SPX Express,pickup,2023-06-19 19:09,2023-06-19 15:03,2023-06-06 18:59,2023-06-06 19:09,ZARA TWEED COORDINATES (SKIRT & SHORTS TERNO),"Black&White Skirt,L-XL",290,290,1
230606NVBTJ932,Completed,SPEPH037249614406,Standard Local-SPX Express,pickup,2023-06-19 20:10,2023-06-07 17:28,2023-06-06 20:00,2023-06-06 20:10,ZARA TWEED COORDINATES (SKIRT & SHORTS TERNO),"Blue Skirt(New),s-M",290,290,1
230606NVBTJ932,Completed,SPEPH037249614406,Standard Local-SPX Express,pickup,2023-06-19 20:10,2023-06-07 17:28,2023-06-06 20:00,2023-06-06 20:10,ZARA TWEED COORDINATES (SKIRT & SHORTS TERNO),"Blue Shorts(New),s-M",290,290,1
230606P004QXKA,Completed,SPEPH038437899576,Standard Local-SPX Express,pickup,2023-06-19 21:15,2023-06-07 17:28,2023-06-06 21:05,2023-06-06 21:15,ZARA TWEED COORDINATES (SKIRT & SHORTS TERNO),"Black Skirt,L-XL",290,290,1
230606P2068B83,Completed,SPEPH031440832796,Standard Local-SPX Express,pickup,2023-06-19 21:41,2023-06-09 15:48,2023-06-06 21:41,2023-06-06 21:41,ZARA TWEED COORDINATES (SKIRT & SHORTS TERNO) - NEW COLORS,"BabyBlue\White Short,L-XL",290,290,1
230606P3W0N379,Completed,SPEPH036613871456,Standard Local-SPX Express,pickup,2023-06-19 22:25,2023-06-09 15:47,2023-06-06 22:15,2023-06-06 22:25,ZARA TWEED COORDINATES (SKIRT & SHORTS TERNO),"Khaki Skirt,s-M",290,290,1
230606P3W0N379,Completed,SPEPH036613871456,Standard Local-SPX Express,pickup,2023-06-19 22:25,2023-06-09 15:47,2023-06-06 22:15,2023-06-06 22:25,ZARA TWEED COORDINATES (SKIRT & SHORTS TERNO),"Black Skirt,L-XL",290,290,1
230607PCCGM3AT,Completed,786541154098,Standard Local-J&T Express,pickup,2023-06-09 00:57,2023-06-09 14:14,2023-06-07 00:46,2023-06-07 00:57,ZARA LACE PADDED BOOB CORSET,Black,199,199,1
230607PCPD952E,Completed,786542830302,Standard Local-J&T Express,pickup,2023-06-20 00:52,2023-06-09 14:14,2023-06-07 00:52,2023-06-07 00:52,ZARA TWEED COORDINATES (SKIRT & SHORTS TERNO),"Black&White Shorts,L-XL",290,290,1
230607Q9EGYB5M,Completed,786609354540,Standard Local-J&T Express,pickup,2023-06-20 09:37,2023-06-21 14:03,2023-06-07 09:27,2023-06-07 09:37,ZARA TWEED COORDINATES (SKIRT & SHORTS TERNO),"Black&White Skirt,L-XL",290,290,1
230607QTT92HB2,Completed,786541137412,Standard Local-J&T Express,pickup,2023-06-09 14:38,2023-06-09 14:14,2023-06-07 14:37,2023-06-07 14:38,ZARA LACE PADDED BOOB CORSET,Dark choco,199,199,1
230607R4R6VQCF,Completed,SPEPH036896693666,Standard Local-SPX Express,pickup,2023-06-20 17:45,2023-06-09 15:48,2023-06-07 17:35,2023-06-07 17:45,ZARA TWEED COORDINATES (SKIRT & SHORTS TERNO) - NEW COLORS,"Red/White Short,L-XL",290,290,1
230607R74BH98B,Completed,SPEPH035970235576,Standard Local-SPX Express,pickup,2023-06-09 18:18,2023-06-09 15:47,2023-06-07 18:18,2023-06-07 18:18,ZARA KNITTED TUBE TOP,"Black,FREESIZE (S-L)",69,69,1
230607R74BH98B,Completed,SPEPH035970235576,Standard Local-SPX Express,pickup,2023-06-09 18:18,2023-06-09 15:47,2023-06-07 18:18,2023-06-07 18:18,ZARA KNITTED TUBE TOP,"Sage green,FREESIZE (S-L)",69,69,1
230607RCM3BGPW,Completed,SPEPH037521713296,Standard Local-SPX Express,pickup,2023-06-20 20:06,2023-06-09 15:48,2023-06-07 19:56,2023-06-07 20:06,ZARA TWEED COORDINATES (SKIRT & SHORTS TERNO) - NEW COLORS,"Pink Short,L-XL",290,290,1
230607RDHEQ65W,Completed,SPEPH038696849786,Standard Local-SPX Express,pickup,2023-06-20 20:23,2023-06-08 15:41,2023-06-07 20:12,2023-06-07 20:23,ZARA TWEED COORDINATES (SKIRT & SHORTS TERNO),"Pink Shorts,s-M",290,290,2
230607RPHPPNBC,Completed,SPEPH034141206936,Standard Local-SPX Express,pickup,2023-06-20 22:54,2023-06-09 15:47,2023-06-07 22:54,2023-06-07 22:54,ZARA TWEED COORDINATES (SKIRT & SHORTS TERNO) - NEW COLORS,"Black&White Short,L-XL",290,290,1
230607RQJ1DAVR,Completed,786540909032,Standard Local-J&T Express,pickup,2023-06-20 23:22,2023-06-09 14:14,2023-06-07 23:12,2023-06-07 23:22,ZARA TWEED COORDINATES (SKIRT & SHORTS TERNO),"Khaki Skirt,L-XL",290,290,1
230607RQJ1DAVR,Completed,786540909032,Standard Local-J&T Express,pickup,2023-06-20 23:22,2023-06-09 14:14,2023-06-07 23:12,2023-06-07 23:22,ZARA TWEED COORDINATES (SKIRT & SHORTS TERNO),"Pink Skirt,L-XL",290,290,1
230608RVYKK1DW,Completed,SPEPH035730503456,Standard Local-SPX Express,pickup,2023-06-21 00:59,2023-06-13 15:14,2023-06-08 00:49,2023-06-08 00:59,ZARA TWEED COORDINATES (SKIRT & SHORTS TERNO),"Beige Skirt,s-M",290,290,1
230608RW1W0P04,Completed,SPEPH031632331046,Standard Local-SPX Express,pickup,2023-06-21 01:00,2023-06-08 15:41,2023-06-08 00:50,2023-06-08 01:00,ZARA TWEED COORDINATES (SKIRT & SHORTS TERNO),"Black Skirt,L-XL",290,290,1
230608T90JGDMT,Completed,786540868667,Standard Local-J&T Express,pickup,2023-06-21 14:07,2023-06-09 14:14,2023-06-08 13:57,2023-06-08 14:07,ZARA TWEED COORDINATES (SKIRT & SHORTS TERNO),"Beige Shorts,L-XL",290,290,1
230608TC96TY0J,Completed,786542855682,Standard Local-J&T Express,pickup,2023-06-21 15:05,2023-06-09 14:14,2023-06-08 14:55,2023-06-08 15:05,ZARA TWEED COORDINATES (SKIRT & SHORTS TERNO),"Black&White Shorts,L-XL",290,290,1
230608TM2ECA7M,Completed,786542870737,Standard Local-J&T Express,pickup,2023-06-21 17:19,2023-06-09 14:14,2023-06-08 17:15,2023-06-08 17:19,ZARA TWEED COORDINATES (SKIRT & SHORTS TERNO) - NEW COLORS,"Black&White Skirt,S-M",290,290,1
230608TVDH78VS,Completed,SPEPH037525520356,Standard Local-SPX Express,pickup,2023-06-21 19:54,2023-06-09 15:48,2023-06-08 19:44,2023-06-08 19:54,ZARA TWEED COORDINATES (SKIRT & SHORTS TERNO) - NEW COLORS,"Black&White Short,L-XL",290,290,1
230608TX0WBBBN,Completed,SPEPH036080669456,Standard Local-SPX Express,pickup,2023-06-21 20:23,2023-06-09 15:47,2023-06-08 20:13,2023-06-08 20:23,ZARA TWEED COORDINATES (SKIRT & SHORTS TERNO) - NEW COLORS,"Choco\White Skirt,L-XL",290,290,1
230608TX0WBBBN,Completed,SPEPH036080669456,Standard Local-SPX Express,pickup,2023-06-21 20:23,2023-06-09 15:47,2023-06-08 20:13,2023-06-08 20:23,ZARA TWEED COORDINATES (SKIRT & SHORTS TERNO) - NEW COLORS,"Black&White Short,L-XL",290,290,1
23060902UE284X,Completed,SPEPH038269146396,Standard Local-SPX Express,pickup,2023-06-13 17:45,2023-06-10 14:33,2023-06-09 17:44,2023-06-09 17:45,ZARA KNITTED MIDI SKIRT (WITH & WITHOUT SLIT),"Cream,NO SLIT",149,149,1
23060905C1RRET,Completed,SPEPH033317031836,Standard Local-SPX Express,pickup,2023-06-22 18:39,2023-06-10 14:33,2023-06-09 18:29,2023-06-09 18:39,ZARA TWEED COORDINATES (SKIRT & SHORTS TERNO),"Blue Shorts,L-XL",290,290,1
23060905C1RRET,Completed,SPEPH033317031836,Standard Local-SPX Express,pickup,2023-06-22 18:39,2023-06-10 14:33,2023-06-09 18:29,2023-06-09 18:39,ZARA TWEED COORDINATES (SKIRT & SHORTS TERNO),"Black&White Shorts,L-XL",290,290,1
230609084DDEC7,Completed,786549981686,Standard Local-J&T Express,pickup,2023-06-22 19:29,2023-06-10 14:06,2023-06-09 19:18,2023-06-09 19:29,ZARA TWEED COORDINATES (SKIRT & SHORTS TERNO) - NEW COLORS,"Pink Short,S-M",290,290,1
2306090A6Y0BG8,Completed,786550147934,Standard Local-J&T Express,pickup,2023-06-22 20:06,2023-06-10 14:06,2023-06-09 19:56,2023-06-09 20:06,ZARA TWEED COORDINATES (SKIRT & SHORTS TERNO),"Pink Shorts,s-M",290,290,1
2306090A6Y0BG8,Completed,786550147934,Standard Local-J&T Express,pickup,2023-06-22 20:06,2023-06-10 14:06,2023-06-09 19:56,2023-06-09 20:06,ZARA TWEED COORDINATES (SKIRT & SHORTS TERNO),"Black&White Shorts,s-M",290,290,1
230609UXJCF9US,Completed,786549922448,Standard Local-J&T Express,pickup,2023-06-13 06:05,2023-06-10 14:06,2023-06-09 05:55,2023-06-09 06:05,ZARA STRAPPY TOP KNITTED,"Navy blue,FREESIZE (S-L)",69,69,1
230609V5T2B6UB,Completed,SPEPH039899237606,Standard Local-SPX Express,pickup,2023-06-22 08:15,2023-06-10 14:33,2023-06-09 08:05,2023-06-09 08:15,ZARA TWEED COORDINATES (SKIRT & SHORTS TERNO),"Beige Shorts,L-XL",290,290,1
230609VA13DCCT,Completed,SPEPH032981843326,Standard Local-SPX Express,pickup,2023-06-22 09:30,2023-06-10 14:33,2023-06-09 09:20,2023-06-09 09:30,ZARA TWEED COORDINATES (SKIRT & SHORTS TERNO),"White Shorts,L-XL",290,290,1
230609VCBRC21K,Completed,SPEPH038182689446,Standard Local-SPX Express,pickup,2023-06-22 10:02,2023-06-10 14:33,2023-06-09 10:02,2023-06-09 10:02,ZARA TWEED COORDINATES (SKIRT & SHORTS TERNO),"Black&White Shorts,s-M",290,290,1
230609VPVRGB1J,Completed,SPEPH038852686416,Standard Local-SPX Express,pickup,2023-06-22 13:21,2023-06-10 14:33,2023-06-09 13:11,2023-06-09 13:21,ZARA TWEED COORDINATES (SKIRT & SHORTS TERNO),"Beige Shorts,s-M",290,290,1
230609VVG8H9JM,Completed,SPEPH032465914326,Standard Local-SPX Express,pickup,2023-06-22 15:01,2023-06-10 14:33,2023-06-09 14:51,2023-06-09 15:01,ZARA TWEED COORDINATES (SKIRT & SHORTS TERNO),"Blue Skirt(New),s-M",290,290,1
2306100WNRUXUT,Completed,786566969072,Standard Local-J&T Express,pickup,2023-06-23 01:54,2023-06-13 14:57,2023-06-10 01:44,2023-06-10 01:54,ZARA TWEED COORDINATES (SKIRT & SHORTS TERNO),"Black Skirt,s-M",290,290,1
2306101K72DDCB,Completed,SPEPH034553735876,Standard Local-SPX Express,pickup,2023-06-23 08:20,2023-06-13 15:14,2023-06-10 08:09,2023-06-10 08:20,ZARA TWEED COORDINATES (SKIRT & SHORTS TERNO) - NEW COLORS,"Pink Short,S-M",290,290,1
2306101S42K01N,Completed,SPEPH030190132766,Standard Local-SPX Express,pickup,2023-06-23 10:05,2023-06-13 15:14,2023-06-10 09:55,2023-06-10 10:05,ZARA TWEED COORDINATES (SKIRT & SHORTS TERNO),"White Shorts,s-M",290,290,1
230610283EDQTR,Completed,786566940034,Standard Local-J&T Express,pickup,2023-06-23 14:33,2023-06-13 14:57,2023-06-10 14:23,2023-06-10 14:33,ZARA TWEED COORDINATES (SKIRT & SHORTS TERNO),"Blue Shorts(New),L-XL",290,290,1
2306102VBRQS0W,Completed,786566880830,Standard Local-J&T Express,pickup,2023-06-23 20:36,2023-06-13 14:57,2023-06-10 20:26,2023-06-10 20:36,ZARA TWEED COORDINATES (SKIRT & SHORTS TERNO),"Black&White Shorts,L-XL",290,290,1
23061033KR28Y6,Completed,786566870175,Standard Local-J&T Express,pickup,2023-06-23 22:46,2023-06-13 14:57,2023-06-10 22:36,2023-06-10 22:46,ZARA TWEED COORDINATES (SKIRT & SHORTS TERNO),"Beige Shorts,s-M",290,290,1
2306113A7JSW1J,Completed,786566848707,Standard Local-J&T Express,pickup,2023-06-23 00:44,2023-06-13 14:57,2023-06-11 00:34,2023-06-11 00:44,ZARA TWEED COORDINATES (SKIRT & SHORTS TERNO),"Blue Shorts,L-XL",290,290,1
2306114ADTCS89,Completed,786566834813,Standard Local-J&T Express,pickup,2023-06-14 10:20,2023-06-13 14:57,2023-06-11 10:10,2023-06-11 10:20,ZARA KNITTED MIDI SKIRT (WITH & WITHOUT SLIT),"Sage green,NO SLIT",149,149,1
2306114AVR6BF4,Completed,SPEPH033356498646,Standard Local-SPX Express,pickup,2023-06-14 10:19,2023-06-12 16:16,2023-06-11 10:19,2023-06-11 10:19,ZARA KNITTED MIDI SKIRT (WITH & WITHOUT SLIT),"Pink,NO SLIT",149,149,1
2306114AVR6BF4,Completed,SPEPH033356498646,Standard Local-SPX Express,pickup,2023-06-14 10:19,2023-06-12 16:16,2023-06-11 10:19,2023-06-11 10:19,ZARA KNITTED MIDI SKIRT (WITH & WITHOUT SLIT),"Purple,NO SLIT",149,149,1
2306114BF0RDTQ,Completed,786566790286,Standard Local-J&T Express,pickup,2023-06-23 10:39,2023-06-13 14:57,2023-06-11 10:29,2023-06-11 10:39,ZARA TWEED COORDINATES (SKIRT & SHORTS TERNO),"Beige Skirt,L-XL",290,290,1
2306114GDDJDHB,Completed,SPEPH039052161436,Standard Local-SPX Express,pickup,2023-06-23 12:07,2023-06-12 16:16,2023-06-11 11:57,2023-06-11 12:07,ZARA TWEED COORDINATES (SKIRT & SHORTS TERNO),"Beige Shorts,s-M",290,290,1
2306114S3K3U4P,Completed,786566633371,Standard Local-J&T Express,pickup,2023-06-23 14:43,2023-06-13 14:57,2023-06-11 14:33,2023-06-11 14:43,ZARA TWEED COORDINATES (SKIRT & SHORTS TERNO),"Pink Shorts,s-M",290,290,1
2306114SNXNBQN,Completed,SPEPH036106188556,Standard Local-SPX Express,pickup,2023-06-23 14:53,2023-06-12 16:16,2023-06-11 14:43,2023-06-11 14:53,ZARA TWEED COORDINATES (SKIRT & SHORTS TERNO),"Pink Shorts,L-XL",290,290,1
2306115661QGBY,Completed,SPEPH030452155776,Standard Local-SPX Express,pickup,2023-06-23 18:28,2023-06-12 16:16,2023-06-11 18:27,2023-06-11 18:28,ZARA TWEED COORDINATES (SKIRT & SHORTS TERNO),"Beige Shorts,L-XL",290,290,1
23061157A5GVDR,Completed,786566610564,Standard Local-J&T Express,pickup,2023-06-14 18:57,2023-06-13 14:57,2023-06-11 18:47,2023-06-11 18:57,ZARA STRAPPY TOP KNITTED,"Navy blue,FREESIZE (S-L)",69,69,1
23061157A5GVDR,Completed,786566610564,Standard Local-J&T Express,pickup,2023-06-14 18:57,2023-06-13 14:57,2023-06-11 18:47,2023-06-11 18:57,ZARA STRAPPY TOP KNITTED,"Baby pink,FREESIZE (S-L)",69,69,1
23061157A5GVDR,Completed,786566610564,Standard Local-J&T Express,pickup,2023-06-14 18:57,2023-06-13 14:57,2023-06-11 18:47,2023-06-11 18:57,ZARA STRAPPY TOP KNITTED,"Old rose,FREESIZE (S-L)",69,69,1
23061157A5GVDR,Completed,786566610564,Standard Local-J&T Express,pickup,2023-06-14 18:57,2023-06-13 14:57,2023-06-11 18:47,2023-06-11 18:57,ZARA STRAPPY TOP KNITTED,"Dark gray,FREESIZE (S-L)",69,69,1
2306115AWRTKJF,Completed,SPEPH030495193976,Standard Local-SPX Express,pickup,2023-06-23 20:02,2023-06-12 16:16,2023-06-11 19:52,2023-06-11 20:02,ZARA TWEED COORDINATES (SKIRT & SHORTS TERNO),"Black&White Shorts,L-XL",290,290,1
2306115DM3KYMJ,Completed,786566518724,Standard Local-J&T Express,pickup,2023-06-14 20:50,2023-06-13 14:57,2023-06-11 20:40,2023-06-11 20:50,ZARA KNITTED MIDI SKIRT (WITH & WITHOUT SLIT),"Charcoal,WITH SLIT",149,149,1
2306115DM3KYMJ,Completed,786566518724,Standard Local-J&T Express,pickup,2023-06-14 20:50,2023-06-13 14:57,2023-06-11 20:40,2023-06-11 20:50,ZARA KNITTED MIDI SKIRT (WITH & WITHOUT SLIT),"Pink,WITH SLIT",149,149,1
2306115HCQ5XFH,Completed,SPEPH035498019006,Standard Local-SPX Express,pickup,2023-06-23 21:58,2023-06-12 16:16,2023-06-11 21:47,2023-06-11 21:58,ZARA TWEED COORDINATES (SKIRT & SHORTS TERNO),"Beige Shorts,s-M",290,290,1
2306126X9PGF3X,Completed,SPEPH033129604056,Standard Local-SPX Express,pickup,2023-06-24 11:21,2023-06-12 16:16,2023-06-12 11:11,2023-06-12 11:21,ZARA TWEED COORDINATES (SKIRT & SHORTS TERNO),"Beige Shorts,L-XL",290,290,1
2306127R1MR42S,Completed,SPEPH035178679096,Standard Local-SPX Express,pickup,2023-06-24 19:02,2023-06-13 15:14,2023-06-12 18:52,2023-06-12 19:02,ZARA TWEED COORDINATES (SKIRT & SHORTS TERNO),"White Shorts,L-XL",290,290,1
2306127SK9JB80,Completed,SPEPH039992016886,Standard Local-SPX Express,pickup,2023-06-24 22:11,2023-06-15 16:22,2023-06-12 19:20,2023-06-13 22:11,ZARA TWEED COORDINATES (SKIRT & SHORTS TERNO),"White/Black Skirt,L-XL",290,290,1
2306128012MUBU,Completed,SPEPH039035483826,Standard Local-SPX Express,pickup,2023-06-24 21:25,2023-06-13 15:14,2023-06-12 21:15,2023-06-12 21:25,ZARA TWEED COORDINATES (SKIRT & SHORTS TERNO),"Beige Shorts,L-XL",290,290,1
23061391A6YS37,Completed,SPEPH038623549746,Standard Local-SPX Express,pickup,2023-06-24 07:20,2023-06-14 15:23,2023-06-13 07:10,2023-06-13 07:20,ZARA TWEED COORDINATES (SKIRT & SHORTS TERNO) - NEW COLORS,"Blue Short,S-M",290,290,1
23061392BUNGG6,Completed,786573471749,Standard Local-J&T Express,pickup,2023-06-24 07:39,2023-06-14 13:57,2023-06-13 07:29,2023-06-13 07:39,ZARA TWEED COORDINATES (SKIRT & SHORTS TERNO),"White Shorts,s-M",290,290,1
23061392BUNGG6,Completed,786573471749,Standard Local-J&T Express,pickup,2023-06-24 07:39,2023-06-14 13:57,2023-06-13 07:29,2023-06-13 07:39,ZARA TWEED COORDINATES (SKIRT & SHORTS TERNO),"Black&White Shorts,s-M",290,290,1
2306139D523DDU,Completed,786573400984,Standard Local-J&T Express,pickup,2023-06-15 10:52,2023-06-14 13:57,2023-06-13 10:42,2023-06-13 10:52,ZARA KNITTED TUBE TOP,"Gray,FREESIZE (S-L)",69,69,1
2306139D523DDU,Completed,786573400984,Standard Local-J&T Express,pickup,2023-06-15 10:52,2023-06-14 13:57,2023-06-13 10:42,2023-06-13 10:52,ZARA LACE PADDED BOOB CORSET,White,199,199,1
2306139GUF0SBT,Completed,SPEPH037797719336,Standard Local-SPX Express,pickup,2023-06-24 11:59,2023-06-14 15:23,2023-06-13 11:49,2023-06-13 11:59,ZARA TWEED COORDINATES (SKIRT & SHORTS TERNO),"Black Skirt,L-XL",290,290,1
2306139HBB9N9A,Completed,786573393601,Standard Local-J&T Express,pickup,2023-06-24 12:07,2023-06-14 13:57,2023-06-13 11:57,2023-06-13 12:07,ZARA TWEED COORDINATES (SKIRT & SHORTS TERNO),"White Shorts,L-XL",290,290,1
230613A1ANH8T3,Completed,SPEPH034380809656,Standard Local-SPX Express,pickup,2023-06-24 16:53,2023-06-14 15:23,2023-06-13 16:43,2023-06-13 16:53,ZARA TWEED COORDINATES (SKIRT & SHORTS TERNO),"White Shorts,s-M",290,290,1
230613A1M8MXA4,Completed,SPEPH033025533296,Standard Local-SPX Express,pickup,2023-06-24 16:59,2023-06-14 15:23,2023-06-13 16:49,2023-06-13 16:59,ZARA TWEED COORDINATES (SKIRT & SHORTS TERNO),"Blue Shorts,s-M",290,290,1
230614BQPNRUBE,Completed,SPEPH032126609656,Standard Local-SPX Express,pickup,2023-06-26 09:06,2023-06-15 16:22,2023-06-14 08:56,2023-06-14 09:06,ZARA TWEED COORDINATES (SKIRT & SHORTS TERNO),"Pink Shorts,s-M",290,290,1
230614BXRDUFPK,Completed,SPEPH039006341336,Standard Local-SPX Express,pickup,2023-06-26 11:03,2023-06-15 16:22,2023-06-14 11:03,2023-06-14 11:03,ZARA TWEED COORDINATES (SKIRT & SHORTS TERNO),"Beige Shorts,L-XL",290,290,1
230614BXRDUFPK,Completed,SPEPH039006341336,Standard Local-SPX Express,pickup,2023-06-26 11:03,2023-06-15 16:22,2023-06-14 11:03,2023-06-14 11:03,ZARA TWEED COORDINATES (SKIRT & SHORTS TERNO),"Blue Shorts(New),L-XL",290,290,1
230614C1JX72C8,Completed,SPEPH037020264716,Standard Local-SPX Express,pickup,2023-06-26 12:03,2023-06-15 16:22,2023-06-14 11:53,2023-06-14 12:03,ZARA TWEED COORDINATES (SKIRT & SHORTS TERNO),"Blue Shorts,s-M",290,290,1
230614CA7BJF2F,Completed,786578833560,Standard Local-J&T Express,pickup,2023-06-26 14:38,2023-06-15 14:32,2023-06-14 14:28,2023-06-14 14:38,ZARA TWEED COORDINATES (SKIRT & SHORTS TERNO),"Black Skirt,s-M",290,290,1
230614CC7GRHPM,Completed,SPEPH035885732886,Standard Local-SPX Express,pickup,2023-06-26 15:14,2023-06-15 16:22,2023-06-14 15:04,2023-06-14 15:14,ZARA TWEED COORDINATES (SKIRT & SHORTS TERNO),"White/Black Skirt,L-XL",290,290,1
230614CDEG5611,Completed,SPEPH038268004956,Standard Local-SPX Express,pickup,2023-06-26 15:36,2023-06-15 16:22,2023-06-14 15:26,2023-06-14 15:36,ZARA TWEED COORDINATES (SKIRT & SHORTS TERNO),"Khaki Skirt,L-XL",290,290,1
230614CU61VW81,Completed,SPEPH035540726896,Standard Local-SPX Express,pickup,2023-06-26 19:32,2023-06-15 16:22,2023-06-14 19:31,2023-06-14 19:32,ZARA TWEED COORDINATES (SKIRT & SHORTS TERNO) - NEW COLORS,"Pink Short,S-M",290,290,1
230614CUAC7XFB,Completed,SPEPH032472961336,Standard Local-SPX Express,pickup,2023-06-26 19:44,2023-06-15 16:22,2023-06-14 19:34,2023-06-14 19:44,ZARA TWEED COORDINATES (SKIRT & SHORTS TERNO),"Blue Shorts,s-M",290,290,1
230614D71H1CXB,Completed,SPEPH031508462766,Standard Local-SPX Express,pickup,2023-06-26 23:14,2023-06-15 16:22,2023-06-14 23:04,2023-06-14 23:14,ZARA TWEED COORDINATES (SKIRT & SHORTS TERNO),"Beige Shorts,L-XL",290,290,1
230615DBS4CDM6,Completed,SPEPH034310891686,Standard Local-SPX Express,pickup,2023-06-27 00:38,2023-06-15 16:22,2023-06-15 00:28,2023-06-15 00:38,ZARA TWEED COORDINATES (SKIRT & SHORTS TERNO),"Blue Skirt,L-XL",290,290,1
230615DER2U17M,Completed,SPEPH038879601966,Standard Local-SPX Express,pickup,2023-06-27 01:31,2023-06-15 16:22,2023-06-15 01:21,2023-06-15 01:31,ZARA TWEED COORDINATES (SKIRT & SHORTS TERNO),"Blue Shorts,L-XL",290,290,1
230615DQYT2QAX,Completed,SPEPH036799804456,Standard Local-SPX Express,pickup,2023-06-27 04:17,2023-06-15 16:22,2023-06-15 04:07,2023-06-15 04:17,ZARA TWEED COORDINATES (SKIRT & SHORTS TERNO),"Khaki Skirt,s-M",290,290,1
230615ENEYYK5Q,Completed,SPEPH034230331206,Standard Local-SPX Express,pickup,2023-06-27 13:04,2023-06-15 16:22,2023-06-15 12:54,2023-06-15 13:04,ZARA TWEED COORDINATES (SKIRT & SHORTS TERNO),"Black&White Shorts,s-M",290,290,1
230615EP5XCA1W,Completed,786584312488,Standard Local-J&T Express,pickup,2023-06-27 13:17,2023-06-16 14:00,2023-06-15 13:07,2023-06-15 13:17,ZARA TWEED COORDINATES (SKIRT & SHORTS TERNO) - NEW COLORS,"White/Black Short,L-XL",290,290,1
230615ESQV7WDK,Completed,SPEPH037418123766,Standard Local-SPX Express,pickup,2023-06-27 14:21,2023-06-15 16:22,2023-06-15 14:11,2023-06-15 14:21,ZARA TWEED COORDINATES (SKIRT & SHORTS TERNO),"Beige Shorts,L-XL",290,290,1
230615ESW420J7,Completed,SPEPH031451699496,Standard Local-SPX Express,pickup,2023-06-17 14:24,2023-06-15 16:22,2023-06-15 14:14,2023-06-15 14:24,ZARA STRAPPY TOP KNITTED,"Navy blue,FREESIZE (S-L)",69,69,1
230615F0QPBDP6,Completed,SPEPH035769906826,Standard Local-SPX Express,pickup,2023-06-27 16:26,2023-06-16 15:54,2023-06-15 16:16,2023-06-15 16:26,ZARA TWEED COORDINATES (SKIRT & SHORTS TERNO),"White Shorts,L-XL",290,290,1
230615F969PVKY,Completed,SPEPH031537427566,Standard Local-SPX Express,pickup,2023-06-27 18:57,2023-06-16 15:54,2023-06-15 18:47,2023-06-15 18:57,ZARA TWEED COORDINATES (SKIRT & SHORTS TERNO),"Pink Shorts,s-M",290,290,1
230615FCWTUK4X,Completed,SPEPH035810630356,Standard Local-SPX Express,pickup,2023-06-27 20:04,2023-06-16 15:54,2023-06-15 19:54,2023-06-15 20:04,ZARA TWEED COORDINATES (SKIRT & SHORTS TERNO) - NEW COLORS,"Blue Short,L-XL",290,290,1
230615FCWTUK4X,Completed,SPEPH035810630356,Standard Local-SPX Express,pickup,2023-06-27 20:04,2023-06-16 15:54,2023-06-15 19:54,2023-06-15 20:04,ZARA TWEED COORDINATES (SKIRT & SHORTS TERNO) - NEW COLORS,"Beige Skirt,L-XL",290,290,1
230615FDV7NHNU,Completed,786585718272,Standard Local-J&T Express,pickup,2023-06-27 20:21,2023-06-16 14:00,2023-06-15 20:11,2023-06-15 20:21,ZARA TWEED COORDINATES (SKIRT & SHORTS TERNO),"White Shorts,L-XL",290,290,1
230616FUWM2WFS,Completed,SPEPH039129109506,Standard Local-SPX Express,pickup,2023-06-29 00:33,2023-06-16 15:54,2023-06-16 00:23,2023-06-16 00:33,ZARA TWEED COORDINATES (SKIRT & SHORTS TERNO),"Black&White Shorts,s-M",290,290,1
230616GGXSNPCG,Completed,SPEPH037769115726,Standard Local-SPX Express,pickup,2023-06-29 06:49,2023-06-16 15:54,2023-06-16 06:39,2023-06-16 06:49,ZARA TWEED COORDINATES (SKIRT & SHORTS TERNO),"Beige Shorts,L-XL",290,290,1
230616GGXSNPCG,Completed,SPEPH037769115726,Standard Local-SPX Express,pickup,2023-06-29 06:49,2023-06-16 15:54,2023-06-16 06:39,2023-06-16 06:49,ZARA KNITTED MIDI SKIRT (WITH & WITHOUT SLIT),"Grey,WITH SLIT",149,149,1
230616GGXSNPCG,Completed,SPEPH037769115726,Standard Local-SPX Express,pickup,2023-06-29 06:49,2023-06-16 15:54,2023-06-16 06:39,2023-06-16 06:49,ZARA STRAPPY TOP KNITTED,"Dark gray,FREESIZE (S-L)",69,69,1
230616GKHK094S,Completed,786590850266,Standard Local-J&T Express,pickup,2023-06-29 07:35,2023-06-17 14:17,2023-06-16 07:25,2023-06-16 07:35,ZARA TWEED COORDINATES (SKIRT & SHORTS TERNO),"Pink Shorts,s-M",290,290,1
230616GKHK094S,Completed,786590850266,Standard Local-J&T Express,pickup,2023-06-29 07:35,2023-06-17 14:17,2023-06-16 07:25,2023-06-16 07:35,ZARA TWEED COORDINATES (SKIRT & SHORTS TERNO),"White Shorts,L-XL",290,290,1
230616GKHK094S,Completed,786590850266,Standard Local-J&T Express,pickup,2023-06-29 07:35,2023-06-17 14:17,2023-06-16 07:25,2023-06-16 07:35,ZARA TWEED COORDINATES (SKIRT & SHORTS TERNO),"Blue Shorts,L-XL",290,290,1
230616GKHK094S,Completed,786590850266,Standard Local-J&T Express,pickup,2023-06-29 07:35,2023-06-17 14:17,2023-06-16 07:25,2023-06-16 07:35,ZARA TWEED COORDINATES (SKIRT & SHORTS TERNO),"Blue Shorts(New),s-M",290,290,1
230616GKHK094S,Completed,786590850266,Standard Local-J&T Express,pickup,2023-06-29 07:35,2023-06-17 14:17,2023-06-16 07:25,2023-06-16 07:35,ZARA TWEED COORDINATES (SKIRT & SHORTS TERNO),"Black&White Shorts,s-M",290,290,1
230616GN2QHVSF,Completed,SPEPH032997407576,Standard Local-SPX Express,pickup,2023-06-29 08:03,2023-06-16 15:54,2023-06-16 07:53,2023-06-16 08:03,ZARA TWEED COORDINATES (SKIRT & SHORTS TERNO),"Beige Shorts,s-M",290,290,1
230616GN2QHVSF,Completed,SPEPH032997407576,Standard Local-SPX Express,pickup,2023-06-29 08:03,2023-06-16 15:54,2023-06-16 07:53,2023-06-16 08:03,ZARA TWEED COORDINATES (SKIRT & SHORTS TERNO),"Black Skirt,L-XL",290,290,1
230616H6UEK36A,Completed,SPEPH034596344546,Standard Local-SPX Express,pickup,2023-06-29 13:21,2023-06-16 15:54,2023-06-16 13:11,2023-06-16 13:21,ZARA TWEED COORDINATES (SKIRT & SHORTS TERNO),"Blue Shorts(New),L-XL",290,290,1
230616J8QUV2V7,Completed,SPEPH034547274046,Standard Local-SPX Express,pickup,2023-06-29 23:18,2023-06-19 15:03,2023-06-16 23:17,2023-06-16 23:18,ZARA TWEED COORDINATES (SKIRT & SHORTS TERNO),"Beige Shorts,s-M",290,290,1
230617M1S9CQKG,Completed,SPEPH035992380926,Standard Local-SPX Express,pickup,2023-07-03 16:28,2023-06-19 15:03,2023-06-17 16:18,2023-06-17 16:28,ZARA TWEED COORDINATES (SKIRT & SHORTS TERNO) - NEW COLORS,"Blue Short,S-M",290,290,1
230617MD89X330,Completed,786602765222,Standard Local-J&T Express,pickup,2023-06-30 19:44,2023-06-19 14:25,2023-06-17 19:43,2023-06-17 19:44,ZARA TWEED COORDINATES (SKIRT & SHORTS TERNO),"Beige Shorts,s-M",290,290,1
230617MEGYP9UD,Completed,SPEPH033457509096,Standard Local-SPX Express,pickup,2023-06-20 20:06,2023-06-19 15:03,2023-06-17 20:06,2023-06-17 20:06,ZARA KNITTED MIDI SKIRT (WITH & WITHOUT SLIT),"Blue,WITH SLIT",149,149,1
230617MJDD9YTS,Completed,SPEPH039638931146,Standard Local-SPX Express,pickup,2023-06-30 21:26,2023-06-19 15:03,2023-06-17 21:16,2023-06-17 21:26,ZARA TWEED COORDINATES (SKIRT & SHORTS TERNO),"Blue Shorts,s-M",290,290,1
230617MNAYT569,Completed,786602652718,Standard Local-J&T Express,pickup,2023-06-30 22:18,2023-06-19 14:25,2023-06-17 22:08,2023-06-17 22:18,ZARA TWEED COORDINATES (SKIRT & SHORTS TERNO),"Beige Skirt,L-XL",290,290,1
230618MWSRWBGU,Completed,SPEPH037512730516,Standard Local-SPX Express,pickup,2023-06-30 00:50,2023-06-19 15:03,2023-06-18 00:39,2023-06-18 00:50,ZARA TWEED COORDINATES (SKIRT & SHORTS TERNO),"Beige Skirt,L-XL",290,290,1
230618NHN39NKU,Completed,SPEPH032783090206,Standard Local-SPX Express,pickup,2023-06-30 06:45,2023-06-19 15:03,2023-06-18 06:35,2023-06-18 06:45,ZARA TWEED COORDINATES (SKIRT & SHORTS TERNO),"Black&White Shorts,s-M",290,290,1
230618NWCFT4PD,Completed,786602490078,Standard Local-J&T Express,pickup,2023-06-30 10:15,2023-06-19 14:25,2023-06-18 10:05,2023-06-18 10:15,ZARA TWEED COORDINATES (SKIRT & SHORTS TERNO),"Khaki Skirt,L-XL",290,290,1
230618P2H9JN9C,Completed,SPEPH034729869066,Standard Local-SPX Express,pickup,2023-06-30 11:47,2023-06-19 15:03,2023-06-18 11:37,2023-06-18 11:47,ZARA TWEED COORDINATES (SKIRT & SHORTS TERNO),"Blue Shorts,s-M",290,290,1
230618P96UM4XW,Completed,786602052856,Standard Local-J&T Express,pickup,2023-06-30 13:46,2023-06-19 14:25,2023-06-18 13:36,2023-06-18 13:46,ZARA TWEED COORDINATES (SKIRT & SHORTS TERNO),"Blue Shorts(New),s-M",290,290,1
230618P96UM4XW,Completed,786602052856,Standard Local-J&T Express,pickup,2023-06-30 13:46,2023-06-19 14:25,2023-06-18 13:36,2023-06-18 13:46,ZARA TWEED COORDINATES (SKIRT & SHORTS TERNO),"White Shorts,s-M",290,290,1
230618PAEMTD6B,Completed,SPEPH035928371136,Standard Local-SPX Express,pickup,2023-06-30 14:09,2023-06-19 15:03,2023-06-18 13:59,2023-06-18 14:09,ZARA TWEED COORDINATES (SKIRT & SHORTS TERNO),"Pink Shorts,s-M",290,290,1
230618PTRJFEC9,Completed,SPEPH038637982376,Standard Local-SPX Express,pickup,2023-06-30 19:00,2023-06-19 15:03,2023-06-18 18:50,2023-06-18 19:00,ZARA TWEED COORDINATES (SKIRT & SHORTS TERNO),"Beige Shorts,s-M",290,290,1
230619R9C06JKP,Completed,786660895376,Standard Local-J&T Express,pickup,2023-07-04 08:46,2023-07-06 13:50,2023-06-19 08:45,2023-06-19 08:46,ZARA TWEED COORDINATES (SKIRT & SHORTS TERNO),"Black&White Shorts,L-XL",290,290,1
230619RGSRK4Y1,Completed,SPEPH030014155276,Standard Local-SPX Express,pickup,2023-07-01 11:08,2023-06-21 16:17,2023-06-19 10:57,2023-06-19 11:08,ZARA TWEED COORDINATES (SKIRT & SHORTS TERNO),"White Shorts,L-XL",290,290,1
230619RSSYK8DX,Completed,SPEPH039434442736,Standard Local-SPX Express,pickup,2023-07-01 13:49,2023-06-21 16:17,2023-06-19 13:39,2023-06-19 13:49,ZARA TWEED COORDINATES (SKIRT & SHORTS TERNO),"Beige Skirt,L-XL",290,290,1
230619RT9DK8G9,Completed,786609298980,Standard Local-J&T Express,pickup,2023-07-01 13:57,2023-06-21 14:03,2023-06-19 13:47,2023-06-19 13:57,ZARA TWEED COORDINATES (SKIRT & SHORTS TERNO),"Beige Shorts,s-M",290,290,1
230619S3YATDV8,Completed,SPEPH035513311866,Standard Local-SPX Express,pickup,2023-06-21 16:51,2023-06-21 16:17,2023-06-19 16:41,2023-06-19 16:51,ZARA KNITTED MIDI SKIRT (WITH & WITHOUT SLIT),"Purple,NO SLIT",149,149,1
230619S9KQFKBR,Completed,SPEPH032790263157,Standard Local-SPX Express,pickup,2023-07-04 18:32,2023-07-06 12:51,2023-06-19 18:22,2023-06-19 18:32,ZARA TWEED COORDINATES (SKIRT & SHORTS TERNO),"Black&White Shorts,L-XL",290,290,1
230619SDY6N62V,Completed,SPEPH034333313966,Standard Local-SPX Express,pickup,2023-07-01 19:50,2023-06-21 16:17,2023-06-19 19:40,2023-06-19 19:50,ZARA TWEED COORDINATES (SKIRT & SHORTS TERNO),"Khaki Skirt,s-M",290,290,1
230619SEF4TNKR,Completed,SPEPH030483531256,Standard Local-SPX Express,pickup,2023-07-01 19:58,2023-06-21 16:17,2023-06-19 19:48,2023-06-19 19:58,ZARA TWEED COORDINATES (SKIRT & SHORTS TERNO),"Black&White Shorts,s-M",290,290,1
230620TEX6N4G8,Completed,786609245001,Standard Local-J&T Express,pickup,2023-07-03 05:39,2023-06-21 14:03,2023-06-20 05:29,2023-06-20 05:39,ZARA TWEED COORDINATES (SKIRT & SHORTS TERNO),"Black&White Shorts,s-M",290,290,1
230620TTUHV7X8,Completed,786609188072,Standard Local-J&T Express,pickup,2023-07-03 09:13,2023-06-21 14:03,2023-06-20 09:03,2023-06-20 09:13,ZARA TWEED COORDINATES (SKIRT & SHORTS TERNO),"Beige Shorts,s-M",290,290,1
230620TXAVVNCQ,Completed,SPEPH039028424676,Standard Local-SPX Express,pickup,2023-07-03 10:15,2023-06-21 16:17,2023-06-20 10:05,2023-06-20 10:15,ZARA TWEED COORDINATES (SKIRT & SHORTS TERNO),"White/Black Skirt,s-M",290,290,1
230620U17UC6VF,Completed,SPEPH036459566736,Standard Local-SPX Express,pickup,2023-07-03 11:07,2023-06-21 16:17,2023-06-20 10:57,2023-06-20 11:07,ZARA TWEED COORDINATES (SKIRT & SHORTS TERNO),"White Shorts,L-XL",290,290,1
230620U2KXR3KT,Completed,SPEPH033501829606,Standard Local-SPX Express,pickup,2023-07-03 11:32,2023-06-20 14:25,2023-06-20 11:22,2023-06-20 11:32,ZARA TWEED COORDINATES (SKIRT & SHORTS TERNO),"Blue Shorts,L-XL",290,290,1
230620U60NU4NE,Completed,SPEPH035937105287,Standard Local-SPX Express,pickup,2023-07-06 12:32,2023-07-06 12:51,2023-06-20 12:22,2023-06-20 12:32,ZARA TWEED COORDINATES (SKIRT & SHORTS TERNO),"Pink Shorts,s-M",290,290,1
230620U7J5UV0E,Completed,SPEPH034966061756,Standard Local-SPX Express,pickup,2023-07-03 12:50,2023-06-20 14:25,2023-06-20 12:50,2023-06-20 12:50,ZARA TWEED COORDINATES (SKIRT & SHORTS TERNO),"Blue Shorts,s-M",290,290,1
230620V1TS5XC7,Completed,SPEPH039463946306,Standard Local-SPX Express,pickup,2023-07-03 20:50,2023-06-21 16:17,2023-06-20 20:40,2023-06-20 20:50,ZARA TWEED COORDINATES (SKIRT & SHORTS TERNO),"Blue Shorts(New),s-M",290,290,1
230620V4G3H8D3,Completed,786610511254,Standard Local-J&T Express,pickup,2023-07-03 21:38,2023-06-21 14:03,2023-06-20 21:28,2023-06-20 21:38,ZARA TWEED COORDINATES (SKIRT & SHORTS TERNO),"Black&White Shorts,s-M",290,290,1
230620VCP66WVE,Completed,786613547678,Standard Local-J&T Express,pickup,2023-06-22 23:55,2023-06-21 14:03,2023-06-20 23:55,2023-06-20 23:55,ZARA STRAPPY TOP KNITTED,"Old rose,FREESIZE (S-L)",69,69,1
2306210H3KXV82,Completed,SPEPH034972394256,Standard Local-SPX Express,pickup,2023-06-23 11:56,2023-06-21 16:17,2023-06-21 11:46,2023-06-21 11:56,ZARA KNITTED MIDI SKIRT (WITH & WITHOUT SLIT),"Purple,WITH SLIT",149,149,1
2306210HG6DNFP,Completed,SPEPH032818792917,Standard Local-SPX Express,pickup,2023-07-07 12:03,2023-07-06 12:50,2023-06-21 11:53,2023-06-21 12:03,ZARA TWEED COORDINATES (SKIRT & SHORTS TERNO) - NEW COLORS,"Black&White Skirt,L-XL",290,290,1
2306210HYERY27,Completed,SPEPH038071913656,Standard Local-SPX Express,pickup,2023-07-04 12:02,2023-06-21 16:17,2023-06-21 12:01,2023-06-21 12:02,ZARA TWEED COORDINATES (SKIRT & SHORTS TERNO),"White/Black Skirt,L-XL",290,290,1
2306210K528RFT,Completed,786675766389,Standard Local-J&T Express,pickup,2023-07-04 12:32,2023-07-06 13:50,2023-06-21 12:22,2023-06-21 12:32,ZARA TWEED COORDINATES (SKIRT & SHORTS TERNO),"Black&White Shorts,L-XL",290,290,1
2306210QQ65U9F,Completed,SPEPH034829601797,Standard Local-SPX Express,pickup,2023-07-04 13:44,2023-07-06 12:50,2023-06-21 13:44,2023-06-21 13:44,ZARA TWEED COORDINATES (SKIRT & SHORTS TERNO),"Black&White Shorts,s-M",290,290,1
2306210QYNY99E,Completed,SPEPH036286461727,Standard Local-SPX Express,pickup,2023-07-04 13:59,2023-07-06 12:53,2023-06-21 13:49,2023-06-21 13:59,ZARA TWEED COORDINATES (SKIRT & SHORTS TERNO),"Pink Skirt,L-XL",290,290,1
230621143JXRCQ,Completed,SPEPH037170687866,Standard Local-SPX Express,pickup,2023-07-04 17:36,2023-06-27 17:49,2023-06-21 17:26,2023-06-21 17:36,ZARA TWEED COORDINATES (SKIRT & SHORTS TERNO),"Khaki Skirt,s-M",290,290,1
23062114G3GX5U,Completed,786675768418,Standard Local-J&T Express,pickup,2023-07-04 17:43,2023-07-06 13:49,2023-06-21 17:33,2023-06-21 17:43,ZARA TWEED COORDINATES (SKIRT & SHORTS TERNO),"Black&White Shorts,L-XL",290,290,1
2306211CF9RRF3,Completed,SPEPH031898961426,Standard Local-SPX Express,pickup,2023-07-04 20:05,2023-06-27 17:49,2023-06-21 19:55,2023-06-21 20:05,ZARA TWEED COORDINATES (SKIRT & SHORTS TERNO),"Blue Skirt,L-XL",290,290,1
2306211FAB8AXD,Completed,SPEPH032737037167,Standard Local-SPX Express,pickup,2023-07-07 20:56,2023-07-06 12:51,2023-06-21 20:46,2023-06-21 20:56,ZARA TWEED COORDINATES (SKIRT & SHORTS TERNO),"Beige Skirt,L-XL",290,290,1
2306211FAB8AXD,Completed,SPEPH032737037167,Standard Local-SPX Express,pickup,2023-07-07 20:56,2023-07-06 12:51,2023-06-21 20:46,2023-06-21 20:56,ZARA TWEED COORDINATES (SKIRT & SHORTS TERNO),"Black Skirt,L-XL",290,290,1
2306211HG2V1K1,Completed,SPEPH035939993417,Standard Local-SPX Express,pickup,2023-07-04 21:26,2023-07-06 12:52,2023-06-21 21:25,2023-06-21 21:26,ZARA TWEED COORDINATES (SKIRT & SHORTS TERNO),"Pink Shorts,L-XL",290,290,1
2306211KMS33BG,Completed,786635112186,Standard Local-J&T Express,pickup,2023-07-04 22:14,2023-06-27 13:41,2023-06-21 22:04,2023-06-21 22:14,ZARA TWEED COORDINATES (SKIRT & SHORTS TERNO),"Beige Shorts,s-M",290,290,1
2306211QTCCFMB,Completed,786675771240,Standard Local-J&T Express,pickup,2023-07-04 23:29,2023-07-06 13:49,2023-06-21 23:19,2023-06-21 23:29,ZARA TWEED COORDINATES (SKIRT & SHORTS TERNO),"Pink Shorts,s-M",290,290,1
230621VVXP3YC1,Completed,786675764070,Standard Local-J&T Express,pickup,2023-07-04 04:46,2023-07-06 13:50,2023-06-21 04:46,2023-06-21 04:46,ZARA TWEED COORDINATES (SKIRT & SHORTS TERNO),"Black&White Shorts,L-XL",290,290,1
2306222GDFWX93,Completed,SPEPH030928372347,Standard Local-SPX Express,pickup,2023-07-05 06:49,2023-07-06 12:53,2023-06-22 06:39,2023-06-22 06:49,ZARA TWEED COORDINATES (SKIRT & SHORTS TERNO),"Pink Shorts,L-XL",290,290,1
2306222PNHVGC1,Completed,SPEPH033502662116,Standard Local-SPX Express,pickup,2023-07-05 08:41,2023-06-27 17:49,2023-06-22 08:31,2023-06-22 08:41,ZARA TWEED COORDINATES (SKIRT & SHORTS TERNO),"Khaki Skirt,L-XL",290,290,1
2306222T1SNEKK,Completed,786680569297,Standard Local-J&T Express,pickup,2023-07-05 09:41,2023-07-06 13:49,2023-06-22 09:31,2023-06-22 09:41,ZARA TWEED COORDINATES (SKIRT & SHORTS TERNO),"Black&White Skirt,L-XL",290,290,1
2306222T1SNEKK,Completed,786680569297,Standard Local-J&T Express,pickup,2023-07-05 09:41,2023-07-06 13:49,2023-06-22 09:31,2023-06-22 09:41,ZARA STRAPPY TOP KNITTED,"Moss brown,FREESIZE (S-L)",69,69,1
2306222UXCEW5P,Completed,SPEPH035110798867,Standard Local-SPX Express,pickup,2023-07-05 10:15,2023-07-06 12:51,2023-06-22 10:05,2023-06-22 10:15,ZARA TWEED COORDINATES (SKIRT & SHORTS TERNO),"Pink Skirt,L-XL",290,290,1
23062232YBR82S,Completed,786682610481,Standard Local-J&T Express,pickup,2023-07-08 12:21,2023-07-06 13:50,2023-06-22 12:11,2023-06-22 12:21,ZARA TWEED COORDINATES (SKIRT & SHORTS TERNO),"Black&White Skirt,L-XL",290,290,1
2306223CQ54541,Completed,SPEPH034585773487,Standard Local-SPX Express,pickup,2023-07-05 15:15,2023-07-06 12:50,2023-06-22 15:05,2023-06-22 15:15,ZARA TWEED COORDINATES (SKIRT & SHORTS TERNO),"Black&White Skirt,s-M",290,290,1
2306223EFWV4GA,Completed,SPEPH030675142186,Standard Local-SPX Express,pickup,2023-07-05 15:47,2023-06-27 17:50,2023-06-22 15:37,2023-06-22 15:47,ZARA TWEED COORDINATES (SKIRT & SHORTS TERNO),"Beige Shorts,s-M",290,290,1
2306223EJKP10A,Completed,SPEPH039930752277,Standard Local-SPX Express,pickup,2023-07-05 15:48,2023-07-06 12:49,2023-06-22 15:38,2023-06-22 15:48,ZARA TWEED COORDINATES (SKIRT & SHORTS TERNO),"Black&White Shorts,L-XL",290,290,1
2306223U2QPQW9,Completed,SPEPH037599617237,Standard Local-SPX Express,pickup,2023-07-05 19:32,2023-07-06 12:53,2023-06-22 19:22,2023-06-22 19:32,ZARA TWEED COORDINATES (SKIRT & SHORTS TERNO),"Pink Shorts,s-M",290,290,1
2306223WU94QC0,Completed,SPEPH038301095237,Standard Local-SPX Express,pickup,2023-07-05 20:22,2023-07-06 12:50,2023-06-22 20:12,2023-06-22 20:22,ZARA TWEED COORDINATES (SKIRT & SHORTS TERNO),"Black&White Shorts,L-XL",290,290,1
2306223XB2J1AB,Completed,SPEPH036978142597,Standard Local-SPX Express,pickup,2023-07-05 20:31,2023-07-06 12:53,2023-06-22 20:21,2023-06-22 20:31,ZARA TWEED COORDINATES (SKIRT & SHORTS TERNO),"Black&White Shorts,L-XL",290,290,1
2306223XB2J1AB,Completed,SPEPH036978142597,Standard Local-SPX Express,pickup,2023-07-05 20:31,2023-07-06 12:53,2023-06-22 20:21,2023-06-22 20:31,ZARA STRAPPY TOP KNITTED,"Dark gray,FREESIZE (S-L)",69,69,1
23062242GF7RK4,Completed,786680572349,Standard Local-J&T Express,pickup,2023-07-05 21:45,2023-07-06 13:50,2023-06-22 21:35,2023-06-22 21:45,ZARA TWEED COORDINATES (SKIRT & SHORTS TERNO),"Black&White Skirt,L-XL",290,290,1
23062248UENVME,Completed,SPEPH030018105046,Standard Local-SPX Express,pickup,2023-07-05 23:39,2023-06-27 17:49,2023-06-22 23:29,2023-06-22 23:39,ZARA TWEED COORDINATES (SKIRT & SHORTS TERNO),"Blue Shorts(New),L-XL",290,290,1
2306234AK9V105,Completed,SPEPH032577742777,Standard Local-SPX Express,pickup,2023-07-06 00:10,2023-07-06 12:51,2023-06-23 00:00,2023-06-23 00:10,ZARA TWEED COORDINATES (SKIRT & SHORTS TERNO),"Black&White Skirt,L-XL",290,290,1
2306234WK513Y9,Completed,786682333205,Standard Local-J&T Express,pickup,2023-07-09 05:50,2023-07-06 13:49,2023-06-23 05:40,2023-06-23 05:50,ZARA TWEED COORDINATES (SKIRT & SHORTS TERNO),"Black&White Shorts,L-XL",290,290,1
23062353XPMED7,Completed,SPEPH031133163097,Standard Local-SPX Express,pickup,2023-07-06 07:44,2023-07-06 12:51,2023-06-23 07:34,2023-06-23 07:44,ZARA TWEED COORDINATES (SKIRT & SHORTS TERNO) - NEW COLORS,"Black&White Short,L-XL",290,290,1
23062358NE8AWH,Completed,SPEPH033815147696,Standard Local-SPX Express,pickup,2023-07-06 09:08,2023-06-27 17:49,2023-06-23 08:58,2023-06-23 09:08,ZARA TWEED COORDINATES (SKIRT & SHORTS TERNO),"Khaki Skirt,s-M",290,290,1
2306235A9P1120,Completed,SPEPH038102210467,Standard Local-SPX Express,pickup,2023-07-06 09:37,2023-07-06 12:51,2023-06-23 09:27,2023-06-23 09:37,ZARA TWEED COORDINATES (SKIRT & SHORTS TERNO) - NEW COLORS,"Black&White Short,S-M",290,290,1
2306235BCE2XTV,Completed,SPEPH032656789346,Standard Local-SPX Express,pickup,2023-07-06 09:57,2023-06-27 17:49,2023-06-23 09:47,2023-06-23 09:57,ZARA TWEED COORDINATES (SKIRT & SHORTS TERNO),"Pink Skirt,L-XL",290,290,1
2306235DESUK8T,Completed,SPEPH034646133107,Standard Local-SPX Express,pickup,2023-07-06 10:34,2023-07-06 12:50,2023-06-23 10:24,2023-06-23 10:34,ZARA TWEED COORDINATES (SKIRT & SHORTS TERNO),"Black&White Shorts,L-XL",290,290,1
2306235EQQ83H2,Completed,786682364648,Standard Local-J&T Express,pickup,2023-07-06 10:57,2023-07-06 13:49,2023-06-23 10:47,2023-06-23 10:57,ZARA TWEED COORDINATES (SKIRT & SHORTS TERNO),"Pink Skirt,s-M",290,290,1
23062361J8N8G9,Completed,SPEPH036974549157,Standard Local-SPX Express,pickup,2023-07-06 16:34,2023-07-06 12:51,2023-06-23 16:24,2023-06-23 16:34,ZARA TWEED COORDINATES (SKIRT & SHORTS TERNO),"Black&White Skirt,s-M",290,290,1
23062361PYCPTG,Completed,SPEPH037487490557,Standard Local-SPX Express,pickup,2023-07-06 16:28,2023-07-06 12:52,2023-06-23 16:26,2023-06-23 16:28,ZARA TWEED COORDINATES (SKIRT & SHORTS TERNO),"Black Skirt,L-XL",290,290,1
23062364N6UAY2,Completed,SPEPH031837379947,Standard Local-SPX Express,pickup,2023-07-06 17:29,2023-07-06 12:51,2023-06-23 17:19,2023-06-23 17:29,ZARA TWEED COORDINATES (SKIRT & SHORTS TERNO),"Pink Skirt,L-XL",290,290,1
23062365HVAAP1,Completed,SPEPH037537103196,Standard Local-SPX Express,pickup,2023-07-06 17:45,2023-06-27 17:49,2023-06-23 17:35,2023-06-23 17:45,ZARA TWEED COORDINATES (SKIRT & SHORTS TERNO),"White Shorts,L-XL",290,290,1
23062365NMFHD2,Completed,786682430878,Standard Local-J&T Express,pickup,2023-07-06 17:47,2023-07-06 13:50,2023-06-23 17:37,2023-06-23 17:47,ZARA TWEED COORDINATES (SKIRT & SHORTS TERNO),"Black&White Shorts,L-XL",290,290,1
2306236K3M3410,Completed,786682441137,Standard Local-J&T Express,pickup,2023-07-06 21:48,2023-07-06 13:49,2023-06-23 21:38,2023-06-23 21:48,ZARA TWEED COORDINATES (SKIRT & SHORTS TERNO),"Black Skirt,L-XL",290,290,1
2306236NEYWFGP,Completed,786682457454,Standard Local-J&T Express,pickup,2023-07-06 22:30,2023-07-06 13:49,2023-06-23 22:20,2023-06-23 22:30,ZARA TWEED COORDINATES (SKIRT & SHORTS TERNO),"Black&White Skirt,s-M",290,290,1
2306236TWEQDTB,Completed,786634971487,Standard Local-J&T Express,pickup,2023-07-07 00:07,2023-06-27 13:41,2023-06-23 23:57,2023-06-24 00:07,ZARA TWEED COORDINATES (SKIRT & SHORTS TERNO),"Khaki Skirt,s-M",290,290,1
2306247SAM1VMQ,Completed,786634955087,Standard Local-J&T Express,pickup,2023-07-07 09:11,2023-06-27 13:41,2023-06-24 09:01,2023-06-24 09:11,ZARA TWEED COORDINATES (SKIRT & SHORTS TERNO),"Blue Shorts,s-M",290,290,1
2306247YUCHCCT,Completed,SPEPH032231095837,Standard Local-SPX Express,pickup,2023-07-07 11:08,2023-07-06 12:50,2023-06-24 10:58,2023-06-24 11:08,ZARA TWEED COORDINATES (SKIRT & SHORTS TERNO),"Black&White Shorts,L-XL",290,290,1
23062480FEBCM8,Completed,SPEPH033248491386,Standard Local-SPX Express,pickup,2023-07-07 11:19,2023-06-27 17:49,2023-06-24 11:09,2023-06-24 11:19,ZARA TWEED COORDINATES (SKIRT & SHORTS TERNO) - NEW COLORS,"Blue Skirt,L-XL",290,290,1
23062481DJH9UX,Completed,SPEPH033174577357,Standard Local-SPX Express,pickup,2023-07-07 11:36,2023-07-06 12:51,2023-06-24 11:26,2023-06-24 11:36,ZARA TWEED COORDINATES (SKIRT & SHORTS TERNO),"Pink Skirt,s-M",290,290,1
23062484CY5FH7,Completed,SPEPH031172689916,Standard Local-SPX Express,pickup,2023-07-07 12:30,2023-06-27 17:50,2023-06-24 12:20,2023-06-24 12:30,ZARA TWEED COORDINATES (SKIRT & SHORTS TERNO),"Blue Skirt,L-XL",290,290,1
23062488Y30VS0,Completed,SPEPH033811518017,Standard Local-SPX Express,pickup,2023-07-07 13:42,2023-07-06 12:52,2023-06-24 13:41,2023-06-24 13:42,ZARA TWEED COORDINATES (SKIRT & SHORTS TERNO),"Black&White Skirt,L-XL",290,290,1
23062489U4GHR0,Completed,SPEPH039156640506,Standard Local-SPX Express,pickup,2023-07-07 14:07,2023-06-27 17:49,2023-06-24 13:57,2023-06-24 14:07,ZARA TWEED COORDINATES (SKIRT & SHORTS TERNO),"White/Black Skirt,L-XL",290,290,1
2306248B4CBRH8,Completed,SPEPH032995770407,Standard Local-SPX Express,pickup,2023-07-07 14:30,2023-07-06 12:51,2023-06-24 14:20,2023-06-24 14:30,ZARA TWEED COORDINATES (SKIRT & SHORTS TERNO) - NEW COLORS,"Black/White(2) Skirt,L-XL",290,290,1
2306248R1H6BKP,Completed,SPEPH036530921666,Standard Local-SPX Express,pickup,2023-07-07 18:21,2023-06-27 17:50,2023-06-24 18:11,2023-06-24 18:21,ZARA TWEED COORDINATES (SKIRT & SHORTS TERNO),"Black Skirt,s-M",290,290,1
2306248YFEBT8P,Completed,SPEPH031757879687,Standard Local-SPX Express,pickup,2023-07-07 20:34,2023-07-06 12:51,2023-06-24 20:24,2023-06-24 20:34,ZARA TWEED COORDINATES (SKIRT & SHORTS TERNO) - NEW COLORS,"Black&White Skirt,L-XL",290,290,1
2306249786PA6J,Completed,SPEPH036822023367,Standard Local-SPX Express,pickup,2023-07-07 22:53,2023-07-06 12:51,2023-06-24 22:43,2023-06-24 22:53,ZARA TWEED COORDINATES (SKIRT & SHORTS TERNO),"White/Black Skirt,s-M",290,290,1
23062498A9NK45,Completed,786634869384,Standard Local-J&T Express,pickup,2023-07-07 23:12,2023-06-27 13:41,2023-06-24 23:02,2023-06-24 23:12,ZARA TWEED COORDINATES (SKIRT & SHORTS TERNO),"Blue Shorts,s-M",290,290,1
230625A15Q6SVH,Completed,SPEPH030560541156,Standard Local-SPX Express,pickup,2023-07-07 06:37,2023-06-27 17:49,2023-06-25 06:27,2023-06-25 06:37,ZARA TWEED COORDINATES (SKIRT & SHORTS TERNO) - NEW COLORS,"Black/White(2) Skirt,S-M",290,290,1
230625A6FNYKRD,Completed,SPEPH033065901017,Standard Local-SPX Express,pickup,2023-07-07 08:12,2023-07-06 12:52,2023-06-25 08:02,2023-06-25 08:12,ZARA TWEED COORDINATES (SKIRT & SHORTS TERNO) - NEW COLORS,"Black&White Skirt,L-XL",290,290,1
230625A71M35Q7,Completed,786682478396,Standard Local-J&T Express,pickup,2023-07-07 08:22,2023-07-06 13:49,2023-06-25 08:12,2023-06-25 08:22,ZARA TWEED COORDINATES (SKIRT & SHORTS TERNO),"Black&White Shorts,s-M",290,290,1
230625A79Y5SA2,Completed,SPEPH034155971797,Standard Local-SPX Express,pickup,2023-07-07 08:27,2023-07-06 12:49,2023-06-25 08:17,2023-06-25 08:27,ZARA TWEED COORDINATES (SKIRT & SHORTS TERNO) - NEW COLORS,"Pink Short,L-XL",290,290,1
230625AC6JRDAM,Completed,SPEPH036057984147,Standard Local-SPX Express,pickup,2023-07-07 09:55,2023-07-06 12:50,2023-06-25 09:45,2023-06-25 09:55,ZARA TWEED COORDINATES (SKIRT & SHORTS TERNO),"Black&White Skirt,L-XL",290,290,1
230625ATTN5534,Completed,SPEPH037756959877,Standard Local-SPX Express,pickup,2023-07-07 14:16,2023-07-06 12:50,2023-06-25 14:06,2023-06-25 14:16,ZARA TWEED COORDINATES (SKIRT & SHORTS TERNO),"Pink Skirt,s-M",290,290,1
230625AVFA9DAX,Completed,SPEPH035231245667,Standard Local-SPX Express,pickup,2023-07-07 14:36,2023-07-06 12:53,2023-06-25 14:36,2023-06-25 14:36,ZARA TWEED COORDINATES (SKIRT & SHORTS TERNO),"Black&White Skirt,L-XL",290,290,1
230625B8HHUC7W,Completed,786634765391,Standard Local-J&T Express,pickup,2023-07-07 18:22,2023-06-27 13:41,2023-06-25 18:12,2023-06-25 18:22,ZARA TWEED COORDINATES (SKIRT & SHORTS TERNO),"Blue Skirt(New),s-M",290,290,1
230625BDQA69W3,Completed,786682555676,Standard Local-J&T Express,pickup,2023-07-07 19:54,2023-07-06 13:50,2023-06-25 19:44,2023-06-25 19:54,ZARA TWEED COORDINATES (SKIRT & SHORTS TERNO),"Pink Shorts,s-M",290,290,1
230625BGBQY1H1,Completed,786682568397,Standard Local-J&T Express,pickup,2023-07-07 20:42,2023-07-06 13:49,2023-06-25 20:32,2023-06-25 20:42,ZARA TWEED COORDINATES (SKIRT & SHORTS TERNO),"Black&White Skirt,s-M",290,290,1
230625BGBQY1H1,Completed,786682568397,Standard Local-J&T Express,pickup,2023-07-07 20:42,2023-07-06 13:49,2023-06-25 20:32,2023-06-25 20:42,ZARA STRAPPY TOP KNITTED,"Navy blue,FREESIZE (S-L)",69,69,1
230625BNK2UEX0,Completed,786682686511,Standard Local-J&T Express,pickup,2023-07-10 22:05,2023-07-06 13:49,2023-06-25 22:05,2023-06-25 22:05,ZARA TWEED COORDINATES (SKIRT & SHORTS TERNO),"White Shorts,s-M",290,290,1
230625BNK2UEX0,Completed,786682686511,Standard Local-J&T Express,pickup,2023-07-10 22:05,2023-07-06 13:49,2023-06-25 22:05,2023-06-25 22:05,ZARA TWEED COORDINATES (SKIRT & SHORTS TERNO),"Black&White Shorts,s-M",290,290,1
230626C9SWDH64,Completed,SPEPH030695826197,Standard Local-SPX Express,pickup,2023-07-08 04:17,2023-07-06 12:51,2023-06-26 04:07,2023-06-26 04:17,ZARA TWEED COORDINATES (SKIRT & SHORTS TERNO) - NEW COLORS,"Black&White Short,S-M",290,290,1
230626C9SWDH64,Completed,SPEPH030695826197,Standard Local-SPX Express,pickup,2023-07-08 04:17,2023-07-06 12:51,2023-06-26 04:07,2023-06-26 04:17,ZARA TWEED COORDINATES (SKIRT & SHORTS TERNO),"Beige Shorts,s-M",290,290,1
230626CYHQRWAN,Completed,SPEPH037171877376,Standard Local-SPX Express,pickup,2023-07-08 10:46,2023-06-27 17:49,2023-06-26 10:36,2023-06-26 10:46,ZARA TWEED COORDINATES (SKIRT & SHORTS TERNO),"Beige Shorts,s-M",290,290,1
230626CYHQRWAN,Completed,SPEPH037171877376,Standard Local-SPX Express,pickup,2023-07-08 10:46,2023-06-27 17:49,2023-06-26 10:36,2023-06-26 10:46,ZARA TWEED COORDINATES (SKIRT & SHORTS TERNO),"Black Skirt,s-M",290,290,1
230626D4GJWUKJ,Completed,786634622688,Standard Local-J&T Express,pickup,2023-07-08 12:15,2023-06-27 13:41,2023-06-26 12:05,2023-06-26 12:15,ZARA TWEED COORDINATES (SKIRT & SHORTS TERNO),"Beige Shorts,s-M",290,290,1
230626D5NYSNDF,Completed,SPEPH038946646236,Standard Local-SPX Express,pickup,2023-07-08 12:36,2023-06-27 17:50,2023-06-26 12:26,2023-06-26 12:36,ZARA TWEED COORDINATES (SKIRT & SHORTS TERNO),"Pink Skirt,s-M",290,290,1
230626DBND84AT,Completed,SPEPH035017124596,Standard Local-SPX Express,pickup,2023-07-08 14:23,2023-07-07 13:00,2023-06-26 14:13,2023-06-26 14:23,ZARA TWEED COORDINATES (SKIRT & SHORTS TERNO),"Black Skirt,L-XL",290,290,1
230626DF3H0GU4,Completed,786634588871,Standard Local-J&T Express,pickup,2023-07-08 15:25,2023-06-27 13:41,2023-06-26 15:15,2023-06-26 15:25,ZARA TWEED COORDINATES (SKIRT & SHORTS TERNO),"Beige Shorts,s-M",290,290,1
230626DFJW579K,Completed,786634564833,Standard Local-J&T Express,pickup,2023-07-08 15:33,2023-06-27 13:41,2023-06-26 15:23,2023-06-26 15:33,ZARA TWEED COORDINATES (SKIRT & SHORTS TERNO),"Beige Shorts,L-XL",290,290,1
230626DHQ6X84S,Completed,SPEPH034426521937,Standard Local-SPX Express,pickup,2023-07-11 16:11,2023-07-06 12:53,2023-06-26 16:01,2023-06-26 16:11,ZARA TWEED COORDINATES (SKIRT & SHORTS TERNO),"Pink Shorts,s-M",290,290,1
230626DJV1PSX6,Completed,SPEPH036632832347,Standard Local-SPX Express,pickup,2023-07-08 16:32,2023-07-06 12:51,2023-06-26 16:22,2023-06-26 16:32,ZARA TWEED COORDINATES (SKIRT & SHORTS TERNO) - NEW COLORS,"Pink Short,L-XL",290,290,1
230626DM3BHRPR,Completed,786682633050,Standard Local-J&T Express,pickup,2023-07-08 16:54,2023-07-06 13:50,2023-06-26 16:44,2023-06-26 16:54,ZARA TWEED COORDINATES (SKIRT & SHORTS TERNO) - NEW COLORS,"Pink Short,L-XL",290,290,1
230626DUSTFAM7,Completed,SPEPH039614648617,Standard Local-SPX Express,pickup,2023-07-08 19:12,2023-07-06 12:53,2023-06-26 19:02,2023-06-26 19:12,ZARA TWEED COORDINATES (SKIRT & SHORTS TERNO),"Pink Shorts,L-XL",290,290,1
230627ETYX0RNT,Completed,SPEPH031622528326,Standard Local-SPX Express,pickup,2023-07-10 04:20,2023-06-27 17:50,2023-06-27 04:20,2023-06-27 04:20,ZARA TWEED COORDINATES (SKIRT & SHORTS TERNO),"Beige Skirt,L-XL",290,290,1
230627F39E8RTG,Completed,SPEPH032627101227,Standard Local-SPX Express,pickup,2023-07-10 06:58,2023-07-06 12:50,2023-06-27 06:48,2023-06-27 06:58,ZARA TWEED COORDINATES (SKIRT & SHORTS TERNO),"Black&White Skirt,L-XL",290,290,1
230627F4QBUFRR,Completed,SPEPH033042540107,Standard Local-SPX Express,pickup,2023-07-10 07:24,2023-07-06 12:53,2023-06-27 07:14,2023-06-27 07:24,ZARA TWEED COORDINATES (SKIRT & SHORTS TERNO),"Black&White Skirt,s-M",290,290,1
230627FFGK7GMS,Completed,SPEPH031524590487,Standard Local-SPX Express,pickup,2023-07-10 10:37,2023-07-06 12:52,2023-06-27 10:27,2023-06-27 10:37,ZARA TWEED COORDINATES (SKIRT & SHORTS TERNO) - NEW COLORS,"Black&White Skirt,L-XL",290,290,1
230627FGDXMTHT,Completed,SPEPH032194317166,Standard Local-SPX Express,pickup,2023-06-30 10:54,2023-06-27 17:50,2023-06-27 10:44,2023-06-27 10:54,ZARA KNITTED MIDI SKIRT (WITH & WITHOUT SLIT),"Purple,WITH SLIT",149,149,1
230627G9QBFT1U,Completed,SPEPH033013639086,Standard Local-SPX Express,pickup,2023-07-10 18:26,2023-06-28 17:14,2023-06-27 18:16,2023-06-27 18:26,ZARA TWEED COORDINATES (SKIRT & SHORTS TERNO) - NEW COLORS,"Black/White(2) Skirt,L-XL",290,290,1
230627G9QBFT1U,Completed,SPEPH033013639086,Standard Local-SPX Express,pickup,2023-07-10 18:26,2023-06-28 17:14,2023-06-27 18:16,2023-06-27 18:26,ZARA TWEED COORDINATES (SKIRT & SHORTS TERNO),"White Shorts,L-XL",290,290,1
230627GEYJX51Y,Completed,SPEPH035958743646,Standard Local-SPX Express,pickup,2023-07-10 20:00,2023-06-28 17:13,2023-06-27 19:50,2023-06-27 20:00,ZARA TWEED COORDINATES (SKIRT & SHORTS TERNO),"Khaki Skirt,L-XL",290,290,1
230627GHADM1AJ,Completed,SPEPH037376685596,Standard Local-SPX Express,pickup,2023-07-10 20:42,2023-06-28 17:13,2023-06-27 20:32,2023-06-27 20:42,ZARA TWEED COORDINATES (SKIRT & SHORTS TERNO),"Beige Skirt,L-XL",290,290,1
230627GNEM30C8,Completed,SPEPH036546273727,Standard Local-SPX Express,pickup,2023-07-10 21:56,2023-07-06 12:52,2023-06-27 21:46,2023-06-27 21:56,ZARA TWEED COORDINATES (SKIRT & SHORTS TERNO),"Pink Skirt,s-M",290,290,1
230627GSPKQDVF,Completed,SPEPH032306184556,Standard Local-SPX Express,pickup,2023-07-10 23:12,2023-06-28 17:13,2023-06-27 23:02,2023-06-27 23:12,ZARA TWEED COORDINATES (SKIRT & SHORTS TERNO),"Black Skirt,s-M",290,290,1
230627GV2X1M4A,Completed,SPEPH034216361497,Standard Local-SPX Express,pickup,2023-07-10 23:55,2023-07-06 12:53,2023-06-27 23:45,2023-06-27 23:55,ZARA TWEED COORDINATES (SKIRT & SHORTS TERNO),"Black&White Shorts,L-XL",290,290,1
230628H28SH97R,Completed,SPEPH038103308866,Standard Local-SPX Express,pickup,2023-07-10 01:45,2023-06-28 17:13,2023-06-28 01:35,2023-06-28 01:45,ZARA TWEED COORDINATES (SKIRT & SHORTS TERNO),"Beige Shorts,s-M",290,290,1
230628HTTD9NB6,Completed,SPEPH039027648436,Standard Local-SPX Express,pickup,2023-07-10 09:05,2023-06-28 17:13,2023-06-28 08:55,2023-06-28 09:05,ZARA TWEED COORDINATES (SKIRT & SHORTS TERNO),"Blue Shorts(New),L-XL",290,290,1
230628J1XTAQKJ,Completed,SPEPH030929363587,Standard Local-SPX Express,pickup,2023-07-10 11:04,2023-07-06 12:51,2023-06-28 11:03,2023-06-28 11:04,ZARA TWEED COORDINATES (SKIRT & SHORTS TERNO),"Black&White Shorts,L-XL",290,290,1
230628JA2Q9QEA,Completed,786682674063,Standard Local-J&T Express,pickup,2023-07-10 13:38,2023-07-06 13:50,2023-06-28 13:28,2023-06-28 13:38,ZARA TWEED COORDINATES (SKIRT & SHORTS TERNO),"Pink Skirt,s-M",290,290,1
230628JEWGPVS5,Completed,SPEPH033077731466,Standard Local-SPX Express,pickup,2023-07-10 15:04,2023-06-28 17:13,2023-06-28 14:54,2023-06-28 15:04,ZARA TWEED COORDINATES (SKIRT & SHORTS TERNO),"Beige Shorts,s-M",290,290,1
230628JYT2DAQ2,Completed,SPEPH032828815256,Standard Local-SPX Express,pickup,2023-07-10 19:57,2023-06-29 15:56,2023-06-28 19:57,2023-06-28 19:57,ZARA TWEED COORDINATES (SKIRT & SHORTS TERNO) - NEW COLORS,"White/Black Short,S-M",290,290,1
230628K1FK756M,Completed,SPEPH038965000216,Standard Local-SPX Express,pickup,2023-06-30 20:37,2023-06-30 15:46,2023-06-28 20:27,2023-06-28 20:37,ZARA STRAPPY TOP KNITTED,"Navy blue,FREESIZE (S-L)",69,69,1
230628KA22GT1C,Completed,SPEPH038316968477,Standard Local-SPX Express,pickup,2023-07-10 23:10,2023-07-06 12:52,2023-06-28 23:00,2023-06-28 23:10,ZARA TWEED COORDINATES (SKIRT & SHORTS TERNO),"Pink Skirt,L-XL",290,290,1
230629M15VM2UG,Completed,SPEPH030560128567,Standard Local-SPX Express,pickup,2023-07-11 06:04,2023-07-13 18:21,2023-06-29 05:54,2023-06-29 06:04,ZARA TWEED COORDINATES (SKIRT & SHORTS TERNO),"Beige Shorts,L-XL",290,290,1
230629M15VM2UG,Completed,SPEPH030560128567,Standard Local-SPX Express,pickup,2023-07-11 06:04,2023-07-13 18:21,2023-06-29 05:54,2023-06-29 06:04,ZARA TWEED COORDINATES (SKIRT & SHORTS TERNO),"Black&White Shorts,L-XL",290,290,1
230629M8R25W0R,Completed,SPEPH035208371357,Standard Local-SPX Express,pickup,2023-07-01 08:19,2023-07-01 14:30,2023-06-29 08:09,2023-06-29 08:19,ZARA KNITTED MIDI SKIRT (WITH & WITHOUT SLIT),"Grey,NO SLIT",149,149,1
230629MENU398M,Completed,SPEPH031516218526,Standard Local-SPX Express,pickup,2023-07-11 10:06,2023-06-30 15:46,2023-06-29 09:56,2023-06-29 10:06,ZARA TWEED COORDINATES (SKIRT & SHORTS TERNO),"White Shorts,L-XL",290,290,1
230629N1GRXJN1,Completed,SPEPH032585088496,Standard Local-SPX Express,pickup,2023-07-11 15:43,2023-06-30 15:46,2023-06-29 15:33,2023-06-29 15:43,ZARA TWEED COORDINATES (SKIRT & SHORTS TERNO) - NEW COLORS,"Blue Short,L-XL",290,290,1
230629NBHYJT4E,Completed,SPEPH035541549967,Standard Local-SPX Express,pickup,2023-07-11 18:42,2023-07-06 12:50,2023-06-29 18:32,2023-06-29 18:42,ZARA TWEED COORDINATES (SKIRT & SHORTS TERNO),"Black&White Skirt,s-M",290,290,1
230629NFHTVYB1,Completed,SPEPH030189879377,Standard Local-SPX Express,pickup,2023-07-11 19:54,2023-07-06 12:52,2023-06-29 19:44,2023-06-29 19:54,ZARA TWEED COORDINATES (SKIRT & SHORTS TERNO),"Pink Skirt,s-M",290,290,1
230629NM6CWHT8,Completed,SPEPH032814520117,Standard Local-SPX Express,pickup,2023-07-11 21:17,2023-07-13 18:19,2023-06-29 21:07,2023-06-29 21:17,ZARA TWEED COORDINATES (SKIRT & SHORTS TERNO),"Beige Skirt,L-XL",290,290,1
230629NM6CWHT8,Completed,SPEPH032814520117,Standard Local-SPX Express,pickup,2023-07-11 21:17,2023-07-13 18:19,2023-06-29 21:07,2023-06-29 21:17,ZARA TWEED COORDINATES (SKIRT & SHORTS TERNO),"Pink Skirt,s-M",290,290,1
230629NMGBGTWF,Completed,SPEPH039026338397,Standard Local-SPX Express,pickup,2023-07-11 21:22,2023-07-06 12:51,2023-06-29 21:12,2023-06-29 21:22,ZARA TWEED COORDINATES (SKIRT & SHORTS TERNO) - NEW COLORS,"Choco\White Skirt,S-M",290,290,1
230630P4S5V75H,Completed,786654281397,Standard Local-J&T Express,pickup,2023-07-12 02:14,2023-07-01 13:48,2023-06-30 02:04,2023-06-30 02:14,ZARA TWEED COORDINATES (SKIRT & SHORTS TERNO),"Blue Shorts(New),L-XL",290,290,1
230630PPR38A0A,Completed,786682716587,Standard Local-J&T Express,pickup,2023-07-12 07:35,2023-07-06 13:49,2023-06-30 07:25,2023-06-30 07:35,ZARA TWEED COORDINATES (SKIRT & SHORTS TERNO),"Black&White Shorts,L-XL",290,290,1
230630Q1271WVR,Completed,SPEPH032606232327,Standard Local-SPX Express,pickup,2023-07-12 10:30,2023-07-06 12:53,2023-06-30 10:30,2023-06-30 10:30,ZARA TWEED COORDINATES (SKIRT & SHORTS TERNO),"Pink Skirt,L-XL",290,290,1
230630Q1P36EAV,Completed,SPEPH030512395167,Standard Local-SPX Express,pickup,2023-07-12 10:51,2023-07-13 18:21,2023-06-30 10:41,2023-06-30 10:51,ZARA TWEED COORDINATES (SKIRT & SHORTS TERNO),"Beige Shorts,L-XL",290,290,1
230630QA1TXFUS,Completed,786729358163,Standard Local-J&T Express,pickup,2023-07-12 13:21,2023-07-13 14:24,2023-06-30 13:11,2023-06-30 13:21,ZARA TWEED COORDINATES (SKIRT & SHORTS TERNO),"Beige Skirt,s-M",290,290,1
230630QFYUJU47,Completed,SPEPH035754958887,Standard Local-SPX Express,pickup,2023-07-12 15:07,2023-07-13 18:19,2023-06-30 14:57,2023-06-30 15:07,ZARA TWEED COORDINATES (SKIRT & SHORTS TERNO),"Blue Skirt,s-M",290,290,1
230630QTDUD476,Completed,786682728522,Standard Local-J&T Express,pickup,2023-07-12 18:14,2023-07-06 13:49,2023-06-30 18:04,2023-06-30 18:14,ZARA TWEED COORDINATES (SKIRT & SHORTS TERNO),"Beige Shorts,s-M",290,290,1
230630R0EPNEKH,Completed,786729360359,Standard Local-J&T Express,pickup,2023-07-12 20:02,2023-07-13 14:24,2023-06-30 19:52,2023-06-30 20:02,ZARA TWEED COORDINATES (SKIRT & SHORTS TERNO),"Black&White Skirt,L-XL",290,290,1
230630R4FUU0SX,Completed,786660881120,Standard Local-J&T Express,pickup,2023-07-12 21:14,2023-07-01 13:48,2023-06-30 21:04,2023-06-30 21:14,ZARA TWEED COORDINATES (SKIRT & SHORTS TERNO),"Beige Skirt,L-XL",290,290,1
230630R4H7SKX8,Completed,786682731505,Standard Local-J&T Express,pickup,2023-07-12 21:15,2023-07-06 13:49,2023-06-30 21:05,2023-06-30 21:15,ZARA TWEED COORDINATES (SKIRT & SHORTS TERNO),"Black&White Shorts,s-M",290,290,1
230630R51GF40T,Completed,SPEPH032467365887,Standard Local-SPX Express,pickup,2023-07-12 21:24,2023-07-06 12:51,2023-06-30 21:14,2023-06-30 21:24,ZARA TWEED COORDINATES (SKIRT & SHORTS TERNO),"Black Skirt,s-M",290,290,1
230630R7NJS48P,Completed,786660870874,Standard Local-J&T Express,pickup,2023-07-12 22:11,2023-07-01 13:48,2023-06-30 22:01,2023-06-30 22:11,ZARA TWEED COORDINATES (SKIRT & SHORTS TERNO),"Beige Skirt,L-XL",290,290,1