Order ID,Order Status,Tracking Number*,Shipping Option,Shipment Method,Estimated Ship Out Date,Ship Time,Order Creation Date,Order Paid Time,Product Name,Variation Name,Original Price,Deal Price,Quantity,Product Subtotal
2309015RBUBS8U,Completed,SPEPH037504323839,Standard Local-SPX Express,pickup,2023-09-13 00:19,2023-09-01 13:39,2023-09-01 00:19,2023-09-01 00:19,ZARA TWEED COORDINATES (SKIRT & SHORTS TERNO),"Blue Shorts(New),XS-M (21-28 inches)",290,290,1,290
23090160ABNBKQ,Completed,SPEPH036845023929,Standard Local-SPX Express,pickup,2023-09-04 02:51,2023-09-01 13:39,2023-09-01 02:41,2023-09-01 02:51,KENDALL KOREAN KNITTED TUBE DRESS,"Hazelnut,Freesize (S-L)",149,149,1,149
23090160ABNBKQ,Completed,SPEPH036845023929,Standard Local-SPX Express,pickup,2023-09-04 02:51,2023-09-01 13:39,2023-09-01 02:41,2023-09-01 02:51,AMELIA OVERLAP TUBE ROMPER || beautique.ph,"Choco,FREESIZE S-M",199,199,1,199
2309016DNPEFPM,Completed,SPEPH032516141779,Standard Local-SPX Express,pickup,2023-09-13 06:50,2023-09-01 13:39,2023-09-01 06:40,2023-09-01 06:50,ZARA TWEED COORDINATES (SKIRT & SHORTS TERNO),"Black Skirt,L-XL (29-34 inches)",290,290,1,290
2309016KGQNC8T,Completed,SPEPH038589116829,Standard Local-SPX Express,pickup,2023-09-04 08:35,2023-09-01 13:39,2023-09-01 08:25,2023-09-01 08:35,AMELIA OVERLAP TUBE ROMPER || beautique.ph,"White,FREESIZE S-M",199,199,1,199
2309016W8SMPW1,Completed,SPEPH031236469709,Standard Local-SPX Express,pickup,2023-09-04 11:20,2023-09-01 13:39,2023-09-01 11:19,2023-09-01 11:20,KENDALL KOREAN KNITTED TUBE DRESS,"Hazelnut,Freesize (S-L)",149,149,1,149
230901708C307C,Completed,SPEPH034257691909,Standard Local-SPX Express,pickup,2023-09-04 12:23,2023-09-02 12:40,2023-09-01 12:13,2023-09-01 12:23,ZARA KNITTED TUBE TOP,"Khaki,FREESIZE (S-L)",69,69,1,69
23090174D1SQXU,Completed,787101075029,Standard Local-J&T Express,pickup,2023-09-13 13:37,2023-09-02 13:05,2023-09-01 13:27,2023-09-01 13:37,TWEED COORDS/DRESS CHECKOUT (16-25 sets),,5,5,1,5
230901752HC8N0,Completed,787100490980,Standard Local-J&T Express,pickup,2023-09-09 13:39,2023-09-02 13:05,2023-09-01 13:39,2023-09-01 13:39,TWEED COORDS/DRESS CHECKOUT (5 sets),,10,10,1,10
2309017AC8M2VW,Completed,SPEPH036858416709,Standard Local-SPX Express,pickup,2023-09-13 15:24,2023-09-08 15:26,2023-09-01 15:14,2023-09-01 15:24,ZARA TWEED COORDINATES (SKIRT & SHORTS TERNO),"Pink Shorts,L-XL (29-34 inches)",290,290,1,290
2309017APEPX5P,Completed,SPEPH030690522339,Standard Local-SPX Express,pickup,2023-09-13 15:30,2023-09-08 15:25,2023-09-01 15:20,2023-09-01 15:30,ZARA TWEED COORDINATES (SKIRT & SHORTS TERNO),"Pink Skirt,XS-M (21-28 inches)",290,290,1,290
2309017H064J13,Completed,SPEPH039611432629,Standard Local-SPX Express,pickup,2023-09-13 17:22,2023-09-02 12:40,2023-09-01 17:12,2023-09-01 17:22,ZARA STRAPPY TOP KNITTED,"Light brown,FREESIZE (S-L)",69,69,1,69
2309017H064J13,Completed,SPEPH039611432629,Standard Local-SPX Express,pickup,2023-09-13 17:22,2023-09-02 12:40,2023-09-01 17:12,2023-09-01 17:22,ZARA TWEED COORDINATES (SKIRT & SHORTS TERNO),"Beige Skirt,L-XL (29-34 inches)",290,290,1,290
2309017J7QQ702,Completed,SPEPH037287460869,Standard Local-SPX Express,pickup,2023-09-13 17:45,2023-09-02 12:40,2023-09-01 17:35,2023-09-01 17:45,ZARA TWEED COORDINATES (SKIRT & SHORTS TERNO),"Black&White Shorts,XS-M (21-28 inches)",290,290,1,290
230902911KC598,Completed,787105158216,Standard Local-J&T Express,pickup,2023-09-14 07:42,2023-09-02 13:05,2023-09-02 07:32,2023-09-02 07:42,TUBE TOP (BELLEZA RAMOS),,340,340,1,340
2309029DYUE5SA,Completed,SPEPH032981425439,Standard Local-SPX Express,pickup,2023-09-14 11:34,2023-09-08 15:26,2023-09-02 11:24,2023-09-02 11:34,ZARA TWEED COORDINATES (SKIRT & SHORTS TERNO) - NEW COLORS,"Pink Skirt,XS-M (21-28 inches)",290,290,1,290
2309029J33CGR0,Completed,SPEPH035080367769,Standard Local-SPX Express,pickup,2023-09-14 12:47,2023-09-04 14:03,2023-09-02 12:37,2023-09-02 12:47,ZARA TWEED COORDINATES (SKIRT & SHORTS TERNO) - NEW COLORS,"Black&White Short,L-XL (29-34 inches)",290,290,1,290
2309029J3Y2QU2,Completed,787115965402,Standard Local-J&T Express,pickup,2023-09-11 12:48,2023-09-04 11:07,2023-09-02 12:38,2023-09-02 12:48,TWEED COORDS/DRESS CHECKOUT (5 sets),,5,5,1,5
2309029WRSHDH1,Completed,SPEPH038218774269,Standard Local-SPX Express,pickup,2023-09-14 16:16,2023-09-08 15:26,2023-09-02 16:06,2023-09-02 16:16,ZARA TWEED COORDINATES (SKIRT & SHORTS TERNO) - NEW COLORS,"Pink Skirt,XS-M (21-28 inches)",290,290,1,290
2309029XDYMWB2,Completed,SPEPH033256419039,Standard Local-SPX Express,pickup,2023-09-05 16:28,2023-09-04 14:03,2023-09-02 16:18,2023-09-02 16:28,KENDALL KOREAN KNITTED TUBE DRESS,"Hazelnut,Freesize (S-L)",149,149,1,149
230902AB6GHEYQ,Completed,787107327486,Standard Local-J&T Express,pickup,2023-09-11 20:07,2023-09-04 11:07,2023-09-02 20:07,2023-09-02 20:07,TWEED COORDS/DRESS CHECKOUT (5 sets),,5,5,1,5
230902ACK658GC,Completed,SPEPH033978374369,Standard Local-SPX Express,pickup,2023-09-05 20:42,2023-09-04 14:03,2023-09-02 20:32,2023-09-02 20:42,KENDALL KOREAN KNITTED TUBE DRESS,"Black,Freesize (S-L)",149,149,1,149
230902AFWMKR5G,Completed,SPEPH032208802989,Standard Local-SPX Express,pickup,2023-09-11 21:41,2023-09-04 14:05,2023-09-02 21:31,2023-09-02 21:41,TWEED COORDS/DRESS CHECKOUT (5 sets),,5,5,1,5
230902AMRC3F8Y,Completed,787116303345,Standard Local-J&T Express,pickup,2023-09-14 23:08,2023-09-05 13:08,2023-09-02 22:58,2023-09-02 23:08,TWEED COORDS/DRESS CHECKOUT (16-25 sets),,5,5,1,5
230903AXQH198A,Completed,SPEPH034359820679,Standard Local-SPX Express,pickup,2023-09-05 02:06,2023-09-04 14:02,2023-09-03 01:56,2023-09-03 02:06,ZARA STRAPPY TOP KNITTED,"Silver,FREESIZE (S-L)",69,69,1,69
230903AXQH198A,Completed,SPEPH034359820679,Standard Local-SPX Express,pickup,2023-09-05 02:06,2023-09-04 14:02,2023-09-03 01:56,2023-09-03 02:06,ZARA STRAPPY TOP KNITTED,"Light brown,FREESIZE (S-L)",69,69,1,69
230903BW2NEV5K,Completed,787140312099,Standard Local-J&T Express,pickup,2023-09-14 11:09,2023-09-09 13:12,2023-09-03 10:59,2023-09-03 11:09,ZARA TWEED COORDINATES (SKIRT & SHORTS TERNO) - NEW COLORS,"Pink Short,L-XL (29-34 inches)",290,290,1,290
230903BWSSGRBV,Completed,SPEPH033331992669,Standard Local-SPX Express,pickup,2023-09-11 11:22,2023-09-04 14:02,2023-09-03 11:12,2023-09-03 11:22,TWEED COORDS/DRESS CHECKOUT (5 sets),,5,5,1,5
230903BXDHS8SR,Completed,SPEPH039269552769,Standard Local-SPX Express,pickup,2023-09-14 11:33,2023-09-08 15:26,2023-09-03 11:23,2023-09-03 11:33,ZARA TWEED COORDINATES (SKIRT & SHORTS TERNO) - NEW COLORS,"Pink Skirt,L-XL (29-34 inches)",290,290,1,290
230903C26CXVYB,Completed,SPEPH037376438139,Standard Local-SPX Express,pickup,2023-09-11 12:31,2023-09-04 14:05,2023-09-03 12:31,2023-09-03 12:31,TWEED COORDS/DRESS CHECKOUT (5 sets),,5,5,1,5
230903C2VMC5CG,Completed,SPEPH030687839539,Standard Local-SPX Express,pickup,2023-09-14 12:53,2023-09-04 14:05,2023-09-03 12:43,2023-09-03 12:53,ZARA TWEED COORDINATES (SKIRT & SHORTS TERNO) - NEW COLORS,"Black/White(2) Skirt,L-XL (29-34 inches)",290,290,1,290
230903C3UCHUBF,Completed,SPEPH033050207049,Standard Local-SPX Express,pickup,2023-09-05 13:10,2023-09-04 14:04,2023-09-03 13:00,2023-09-03 13:10,KENDALL KOREAN KNITTED TUBE DRESS,"Hazelnut,Freesize (S-L)",149,149,1,149
230903C3UCHUBF,Completed,SPEPH033050207049,Standard Local-SPX Express,pickup,2023-09-05 13:10,2023-09-04 14:04,2023-09-03 13:00,2023-09-03 13:10,KENDALL KOREAN KNITTED TUBE DRESS,"Taupe,Freesize (S-L)",149,149,1,149
230903CC0S7XJR,Completed,787115692636,Standard Local-J&T Express,pickup,2023-09-05 15:37,2023-09-04 11:07,2023-09-03 15:27,2023-09-03 15:37,KENDALL KOREAN KNITTED TUBE DRESS,"Taupe,Freesize (S-L)",149,149,1,149
230903CQUBRPXS,Completed,SPEPH033202408669,Standard Local-SPX Express,pickup,2023-09-05 19:08,2023-09-04 14:05,2023-09-03 18:58,2023-09-03 19:08,PLUS SIZE MIDI SKIRT 28-40 INCHES (WITH & WITHOUT SLIT),"CHOCO,NO SLIT",139,139,1,139
230903CUN4H8VU,Completed,SPEPH035975889839,Standard Local-SPX Express,pickup,2023-09-14 20:16,2023-09-04 14:05,2023-09-03 20:06,2023-09-03 20:16,ZARA TWEED COORDINATES (SKIRT & SHORTS TERNO) - NEW COLORS,"Beige Skirt,L-XL (29-34 inches)",290,290,1,290
230903D3NVDCAR,Completed,SPEPH031537798939,Standard Local-SPX Express,pickup,2023-09-14 22:40,2023-09-08 15:26,2023-09-03 22:30,2023-09-03 22:40,ZARA TWEED COORDINATES (SKIRT & SHORTS TERNO) - NEW COLORS,"Pink Skirt,XS-M (21-28 inches)",290,290,1,290
230903D47KSTE9,Completed,SPEPH032633571229,Standard Local-SPX Express,pickup,2023-09-14 22:50,2023-09-08 15:26,2023-09-03 22:40,2023-09-03 22:50,ZARA TWEED COORDINATES (SKIRT & SHORTS TERNO) - NEW COLORS,"Pink Short,XS-M (21-28 inches)",290,290,1,290
230903D4JVAH6A,Completed,SPEPH038071822429,Standard Local-SPX Express,pickup,2023-09-05 22:46,2023-09-04 14:05,2023-09-03 22:46,2023-09-03 22:46,ZARA KNITTED TUBE TOP,"White,FREESIZE (S-L)",69,69,1,69
230903D4JVAH6A,Completed,SPEPH038071822429,Standard Local-SPX Express,pickup,2023-09-05 22:46,2023-09-04 14:05,2023-09-03 22:46,2023-09-03 22:46,ZARA KNITTED TUBE TOP,"Royal blue,FREESIZE (S-L)",69,69,1,69
230903D4JVAH6A,Completed,SPEPH038071822429,Standard Local-SPX Express,pickup,2023-09-05 22:46,2023-09-04 14:05,2023-09-03 22:46,2023-09-03 22:46,ZARA KNITTED TUBE TOP,"Black,FREESIZE (S-L)",69,69,1,69
230903D5NWTGAW,Completed,SPEPH035030512459,Standard Local-SPX Express,pickup,2023-09-14 23:16,2023-09-04 14:04,2023-09-03 23:06,2023-09-03 23:16,ZARA TWEED COORDINATES (SKIRT & SHORTS TERNO) - NEW COLORS,"Black&White Short,L-XL (29-34 inches)",290,290,1,290
230904DBBV0U40,Completed,SPEPH034335685259,Standard Local-SPX Express,pickup,2023-09-06 00:58,2023-09-04 14:05,2023-09-04 00:48,2023-09-04 00:58,KENDALL KOREAN KNITTED TUBE DRESS,"Cream,Freesize (S-L)",149,149,1,149
230904DV57P0YQ,Completed,SPEPH035625055779,Standard Local-SPX Express,pickup,2023-09-06 05:48,2023-09-04 14:04,2023-09-04 05:48,2023-09-04 05:48,EMBOSSED HALTER NECK TOP,"White,FREESIZE (S-L)",109,109,1,109
230904EBHQ54RX,Completed,SPEPH035002924359,Standard Local-SPX Express,pickup,2023-09-12 10:34,2023-09-04 14:04,2023-09-04 10:24,2023-09-04 10:34,TWEED COORDS/DRESS CHECKOUT (5 sets),,5,5,1,5
230904EDP9JNWR,Completed,787116264927,Standard Local-J&T Express,pickup,2023-09-06 11:12,2023-09-05 13:08,2023-09-04 11:02,2023-09-04 11:12,PLAIN MIDI SKIRT 22-30 INCHES (WITH & WITHOUT SLIT),"BLACK,WITH SLIT",149,149,1,149
230904EHRPU3MW,Completed,787123747031,Standard Local-J&T Express,pickup,2023-09-12 12:15,2023-09-06 12:23,2023-09-04 12:15,2023-09-04 12:15,TWEED COORDS/DRESS CHECKOUT (5 sets),,5,5,1,5
230904EURHPVUG,Completed,SPEPH037539528039,Standard Local-SPX Express,pickup,2023-09-15 15:24,2023-09-08 15:26,2023-09-04 15:14,2023-09-04 15:24,ZARA TWEED COORDINATES (SKIRT & SHORTS TERNO) - NEW COLORS,"Pink Short,L-XL (29-34 inches)",290,290,1,290
230904F7P8D45D,Completed,SPEPH030658481209,Standard Local-SPX Express,pickup,2023-09-12 18:57,2023-09-05 17:13,2023-09-04 18:47,2023-09-04 18:57,TWEED COORDS/DRESS CHECKOUT (5 sets),,5,5,1,5
230904F97JQF3T,Completed,787118265590,Standard Local-J&T Express,pickup,2023-09-12 19:15,2023-09-05 13:08,2023-09-04 19:15,2023-09-04 19:15,TWEED COORDS/DRESS CHECKOUT (5 sets),,5,5,1,5
230904FAW790FB,Completed,SPEPH030523577839,Standard Local-SPX Express,pickup,2023-09-12 19:45,2023-09-05 17:13,2023-09-04 19:45,2023-09-04 19:45,TWEED COORDS/DRESS CHECKOUT (5 sets),,5,5,1,5
230904FEBJSBQW,Completed,SPEPH036145419989,Standard Local-SPX Express,pickup,2023-09-12 20:56,2023-09-05 17:13,2023-09-04 20:46,2023-09-04 20:56,TWEED COORDS/DRESS CHECKOUT (5 sets),,5,5,1,5
230904FEBW79RP,Completed,SPEPH039868866589,Standard Local-SPX Express,pickup,2023-09-15 20:57,2023-09-08 15:26,2023-09-04 20:47,2023-09-04 20:57,ZARA TWEED COORDINATES (SKIRT & SHORTS TERNO) - NEW COLORS,"Pink Skirt,XS-M (21-28 inches)",290,290,1,290
230904FFFNMWT2,Completed,787122046434,Standard Local-J&T Express,pickup,2023-09-15 21:07,2023-09-05 13:08,2023-09-04 21:07,2023-09-04 21:07,TWEED COORDS/DRESS CHECKOUT (16-25 sets),,5,5,1,5
230904FJVARRSM,Completed,SPEPH032636825949,Standard Local-SPX Express,pickup,2023-09-12 22:17,2023-09-05 17:13,2023-09-04 22:07,2023-09-04 22:17,TWEED COORDS/DRESS CHECKOUT (5 sets),,5,5,1,5
230904FQDAB9JR,Completed,787122314088,Standard Local-J&T Express,pickup,2023-09-12 23:39,2023-09-05 13:08,2023-09-04 23:28,2023-09-04 23:39,TWEED COORDS/DRESS CHECKOUT (5 sets),,5,5,1,5
230905GH6T63MH,Completed,SPEPH038843959509,Standard Local-SPX Express,pickup,2023-09-07 07:20,2023-09-05 17:13,2023-09-05 07:10,2023-09-05 07:20,ZARA STRAPPY TOP KNITTED,"Silver,FREESIZE (S-L)",69,69,1,69
230905H48SYN9E,Completed,787123397858,Standard Local-J&T Express,pickup,2023-09-13 13:01,2023-09-06 12:23,2023-09-05 12:51,2023-09-05 13:01,TWEED COORDS/DRESS CHECKOUT (5 sets),,5,5,1,5
230905HAQQC3JX,Completed,787133697750,Standard Local-J&T Express,pickup,2023-09-13 14:47,2023-09-07 12:50,2023-09-05 14:47,2023-09-05 14:47,TWEED COORDS/DRESS CHECKOUT (5 sets),,5,5,1,5
230905HX3Y885A,Completed,SPEPH030893219039,Standard Local-SPX Express,pickup,2023-09-16 20:44,2023-09-08 15:26,2023-09-05 20:34,2023-09-05 20:44,ZARA TWEED COORDINATES (SKIRT & SHORTS TERNO) - NEW COLORS,"Pink Skirt,L-XL (29-34 inches)",290,290,1,290
230906KDM3ADPS,Completed,SPEPH039380856709,Standard Local-SPX Express,pickup,2023-09-14 10:54,2023-09-06 15:46,2023-09-06 10:44,2023-09-06 10:54,TWEED COORDS/DRESS CHECKOUT (5 sets),,5,5,1,5
230906KJ3R1XVK,Completed,SPEPH035229546129,Standard Local-SPX Express,pickup,2023-09-18 12:14,2023-09-08 15:26,2023-09-06 12:04,2023-09-06 12:14,ZARA TWEED COORDINATES (SKIRT & SHORTS TERNO) - NEW COLORS,"Pink Short,L-XL (29-34 inches)",290,290,1,290
230906KYKE1QC3,Completed,787133873163,Standard Local-J&T Express,pickup,2023-09-18 16:16,2023-09-08 12:21,2023-09-06 16:06,2023-09-06 16:16,FLARE PANTS (WELLA MONTEFALCON),,1066,1066,1,1066
230906MNT832K8,Completed,787134657284,Standard Local-J&T Express,pickup,2023-09-18 22:43,2023-09-08 12:21,2023-09-06 22:43,2023-09-06 22:43,ZARA TWEED COORDINATES (SKIRT & SHORTS TERNO) - NEW COLORS,"Pink Skirt,L-XL (29-34 inches)",290,290,1,290
230906MNT832K8,Completed,787134657284,Standard Local-J&T Express,pickup,2023-09-18 22:43,2023-09-08 12:21,2023-09-06 22:43,2023-09-06 22:43,ZARA TWEED COORDINATES (SKIRT & SHORTS TERNO) - NEW COLORS,"Black&White Skirt,L-XL (29-34 inches)",290,290,1,290
230907MVQKY7NG,Completed,SPEPH033819188059,Standard Local-SPX Express,pickup,2023-09-19 00:57,2023-09-16 13:14,2023-09-07 00:47,2023-09-07 00:57,ZARA TWEED COORDINATES (SKIRT & SHORTS TERNO) - NEW COLORS,"Black&White Short,L-XL (29-34 inches)",290,290,1,290
230907MYKYCNQH,Completed,787133841028,Standard Local-J&T Express,pickup,2023-09-15 01:40,2023-09-08 12:21,2023-09-07 01:39,2023-09-07 01:40,TWEED COORDS/DRESS CHECKOUT (5 sets),,5,5,1,5
230907P23KUCX0,Completed,787134397044,Standard Local-J&T Express,pickup,2023-09-15 12:06,2023-09-08 12:21,2023-09-07 11:56,2023-09-07 12:06,TWEED COORDS/DRESS CHECKOUT (5 sets),,5,5,1,5
230907P3WE1741,Completed,787140904910,Standard Local-J&T Express,pickup,2023-09-15 12:28,2023-09-09 13:12,2023-09-07 12:28,2023-09-07 12:28,TWEED COORDS/DRESS CHECKOUT (5 sets),,5,5,1,5
230907PAWGPEK2,Completed,787134495488,Standard Local-J&T Express,pickup,2023-09-15 14:44,2023-09-08 12:21,2023-09-07 14:34,2023-09-07 14:44,10 PCS ZARA STRAPPY BUNDLE (RANDOM COLORS/FREESIZE),,400,400,1,400
230907PFBD404V,Completed,SPEPH034958116589,Standard Local-SPX Express,pickup,2023-09-15 16:03,2023-09-08 15:25,2023-09-07 15:53,2023-09-07 16:03,TWEED COORDS/DRESS CHECKOUT (5 sets),,5,5,1,5
230907PFK9V39S,Completed,787134714033,Standard Local-J&T Express,pickup,2023-09-15 15:57,2023-09-08 12:21,2023-09-07 15:57,2023-09-07 15:57,TWEED COORDS/DRESS CHECKOUT (5 sets),,5,5,1,5
230907PNB60DYY,Completed,787135142642,Standard Local-J&T Express,pickup,2023-09-15 17:40,2023-09-08 12:21,2023-09-07 17:40,2023-09-07 17:40,TWEED COORDS/DRESS CHECKOUT (5 sets),,5,5,1,5
230907PQ8CV7FN,Completed,787135364195,Standard Local-J&T Express,pickup,2023-09-15 18:24,2023-09-08 12:21,2023-09-07 18:14,2023-09-07 18:24,TWEED COORDS/DRESS CHECKOUT (5 sets),,5,5,1,5
230907PRV0NMVU,Completed,SPEPH032716295769,Standard Local-SPX Express,pickup,2023-09-19 18:53,2023-09-08 15:26,2023-09-07 18:43,2023-09-07 18:53,ZARA TWEED COORDINATES (SKIRT & SHORTS TERNO) - NEW COLORS,"Beige Skirt,L-XL (29-34 inches)",290,290,1,290
230907PSNSKM3E,Completed,787208251736,Standard Local-J&T Express,pickup,2023-09-19 19:08,2023-09-16 13:26,2023-09-07 18:58,2023-09-07 19:08,ZARA TWEED COORDINATES (SKIRT & SHORTS TERNO) - NEW COLORS,"Black&White Short,L-XL (29-34 inches)",290,290,1,290
230907PTEUKFHG,Completed,787135517872,Standard Local-J&T Express,pickup,2023-09-15 19:22,2023-09-08 12:21,2023-09-07 19:12,2023-09-07 19:22,TWEED COORDS/DRESS CHECKOUT (5 sets),,5,5,1,5
230907Q2MHS877,Completed,SPEPH034458049989,Standard Local-SPX Express,pickup,2023-09-15 21:38,2023-09-08 15:25,2023-09-07 21:38,2023-09-07 21:38,TWEED COORDS/DRESS CHECKOUT (5 sets),,5,5,1,5
230908RNHA266R,Completed,787140543910,Standard Local-J&T Express,pickup,2023-09-20 12:59,2023-09-09 13:12,2023-09-08 12:49,2023-09-08 12:59,ZARA TWEED COORDINATES (SKIRT & SHORTS TERNO),"Pink Shorts,XS-M (21-28 inches)",290,290,1,290
230908RQ0JKEQF,Completed,SPEPH039172204869,Standard Local-SPX Express,pickup,2023-09-20 13:25,2023-09-08 15:25,2023-09-08 13:15,2023-09-08 13:25,ZARA TWEED COORDINATES (SKIRT & SHORTS TERNO) - NEW COLORS,"Pink Skirt,XS-M (21-28 inches)",290,290,1,290
230908RQDJCVWP,Completed,SPEPH036039516189,Standard Local-SPX Express,pickup,2023-09-20 13:23,2023-09-16 13:14,2023-09-08 13:23,2023-09-08 13:23,ZARA TWEED COORDINATES (SKIRT & SHORTS TERNO),"Black&White Shorts,L-XL (29-34 inches)",290,290,1,290
230908RQDJCVWP,Completed,SPEPH036039516189,Standard Local-SPX Express,pickup,2023-09-20 13:23,2023-09-16 13:14,2023-09-08 13:23,2023-09-08 13:23,EMBOSSED WAVE TUBE TOP,"Maroon,FREESIZE",79,79,1,79
230908RQJS916P,Completed,787140880052,Standard Local-J&T Express,pickup,2023-09-20 13:36,2023-09-09 13:12,2023-09-08 13:26,2023-09-08 13:36,ZARA TWEED COORDINATES (SKIRT & SHORTS TERNO),"Pink Skirt,XS-M (21-28 inches)",290,290,1,290
230908RQY51KRF,Completed,SPEPH035697211019,Standard Local-SPX Express,pickup,2023-09-16 13:33,2023-09-12 16:07,2023-09-08 13:32,2023-09-08 13:33,TWEED COORDS/DRESS CHECKOUT (5 sets),,5,5,1,5
230908RS2SK0R5,Completed,SPEPH033330081419,Standard Local-SPX Express,pickup,2023-09-16 14:02,2023-09-08 15:26,2023-09-08 13:52,2023-09-08 14:02,TWEED COORDS/DRESS CHECKOUT (5 sets),,5,5,1,5
230908RTC59SSN,Completed,SPEPH033797839979,Standard Local-SPX Express,pickup,2023-09-20 14:16,2023-09-16 13:14,2023-09-08 14:15,2023-09-08 14:16,ZARA TWEED COORDINATES (SKIRT & SHORTS TERNO),"Black&White Shorts,L-XL (29-34 inches)",290,290,1,290
230908S993WW95,Completed,SPEPH032701787149,Standard Local-SPX Express,pickup,2023-09-16 18:52,2023-09-09 17:26,2023-09-08 18:42,2023-09-08 18:52,TWEED COORDS/DRESS CHECKOUT (5 sets),,5,5,1,5
230908S9R1PG3H,Completed,SPEPH035132561709,Standard Local-SPX Express,pickup,2023-09-20 19:01,2023-09-09 17:27,2023-09-08 18:51,2023-09-08 19:01,ZARA TWEED COORDINATES (SKIRT & SHORTS TERNO) - NEW COLORS,"Pink Short,XS-M (21-28 inches)",290,290,1,290
230908SA9WWATR,Completed,SPEPH031622989659,Standard Local-SPX Express,pickup,2023-09-20 19:11,2023-09-09 17:27,2023-09-08 19:01,2023-09-08 19:11,BUTTERFLY COORDS (FRYNCESS JOYCE),,1440,1440,1,1440
230908SN5HK5K6,Completed,SPEPH036146734339,Standard Local-SPX Express,pickup,2023-09-20 22:25,2023-09-09 17:27,2023-09-08 22:15,2023-09-08 22:25,ZARA TWEED COORDINATES (SKIRT & SHORTS TERNO),"Black&White Skirt,XS-M (21-28 inches)",290,290,1,290
230909SUSBBBC0,Completed,SPEPH035838539829,Standard Local-SPX Express,pickup,2023-09-21 00:23,2023-09-16 13:14,2023-09-09 00:13,2023-09-09 00:23,ZARA TWEED COORDINATES (SKIRT & SHORTS TERNO),"Black&White Shorts,L-XL (29-34 inches)",290,290,1,290
230909SVE8S4YN,Completed,SPEPH030180434399,Standard Local-SPX Express,pickup,2023-09-21 00:25,2023-09-09 17:26,2023-09-09 00:25,2023-09-09 00:25,ZARA TWEED COORDINATES (SKIRT & SHORTS TERNO) - NEW COLORS,"Pink Skirt,L-XL (29-34 inches)",290,290,1,290
230909T0CQ79YF,Completed,787151111063,Standard Local-J&T Express,pickup,2023-09-21 01:46,2023-09-09 13:12,2023-09-09 01:36,2023-09-09 01:46,ZARA TWEED COORDINATES (SKIRT & SHORTS TERNO) - NEW COLORS,"Black&White Short,XS-M (21-28 inches)",290,290,1,290
230909TA8XNT5T,Completed,787189320831,Standard Local-J&T Express,pickup,2023-09-18 04:33,2023-09-13 12:23,2023-09-09 04:33,2023-09-09 04:33,TWEED COORDS/DRESS CHECKOUT (5 sets),,5,5,1,5
230909TJ66YYGJ,Completed,SPEPH036617259549,Standard Local-SPX Express,pickup,2023-09-21 07:04,2023-09-09 17:27,2023-09-09 06:54,2023-09-09 07:04,ZARA TWEED COORDINATES (SKIRT & SHORTS TERNO),"Black&White Shorts,XS-M (21-28 inches)",290,290,1,290
230909TJARY0AU,Completed,SPEPH037878536109,Standard Local-SPX Express,pickup,2023-09-21 06:57,2023-09-09 17:26,2023-09-09 06:57,2023-09-09 06:57,ZARA TWEED COORDINATES (SKIRT & SHORTS TERNO) - NEW COLORS,"Pink Short,XS-M (21-28 inches)",290,290,1,290
230909TQB1RCBA,Completed,787151738929,Standard Local-J&T Express,pickup,2023-09-21 08:37,2023-09-09 13:12,2023-09-09 08:27,2023-09-09 08:37,ZARA TWEED COORDINATES (SKIRT & SHORTS TERNO),"Pink Shorts,L-XL (29-34 inches)",290,290,1,290
230909TT8P7PDX,Completed,SPEPH039512009289,Standard Local-SPX Express,pickup,2023-09-21 09:19,2023-09-09 17:27,2023-09-09 09:19,2023-09-09 09:19,ZARA TWEED COORDINATES (SKIRT & SHORTS TERNO),"Pink Skirt,L-XL (29-34 inches)",290,290,1,290
230909TWM65K2Y,Completed,787151786340,Standard Local-J&T Express,pickup,2023-09-21 10:29,2023-09-09 13:12,2023-09-09 10:19,2023-09-09 10:29,ZARA STRAPPY TOP KNITTED,"Silver,FREESIZE (S-L)",69,69,1,69
230909TWM65K2Y,Completed,787151786340,Standard Local-J&T Express,pickup,2023-09-21 10:29,2023-09-09 13:12,2023-09-09 10:19,2023-09-09 10:29,ZARA TWEED COORDINATES (SKIRT & SHORTS TERNO) - NEW COLORS,"Black&White Skirt,L-XL (29-34 inches)",290,290,1,290
230909U1BS7WK8,Completed,787152521029,Standard Local-J&T Express,pickup,2023-09-21 11:36,2023-09-11 14:05,2023-09-09 11:26,2023-09-09 11:36,ZARA TWEED COORDINATES (SKIRT & SHORTS TERNO),"Black&White Shorts,XS-M (21-28 inches)",290,290,1,290
230909U6BGVN54,Completed,787151976967,Standard Local-J&T Express,pickup,2023-09-18 12:55,2023-09-09 13:12,2023-09-09 12:55,2023-09-09 12:55,TWEED COORDS/DRESS CHECKOUT (5 sets),,5,5,1,5
230909U6MC686A,Completed,SPEPH033645927139,Standard Local-SPX Express,pickup,2023-09-21 13:10,2023-09-09 17:27,2023-09-09 13:00,2023-09-09 13:10,ZARA TWEED COORDINATES (SKIRT & SHORTS TERNO),"Pink Shorts,L-XL (29-34 inches)",290,290,1,290
230909U75UX62H,Completed,787152637737,Standard Local-J&T Express,pickup,2023-09-18 13:20,2023-09-11 14:05,2023-09-09 13:10,2023-09-09 13:20,TWEED COORDS/DRESS CHECKOUT (5 sets),,5,5,1,5
230909U8JKE2Y2,Completed,SPEPH038036569979,Standard Local-SPX Express,pickup,2023-09-21 13:45,2023-09-09 17:27,2023-09-09 13:35,2023-09-09 13:45,ZARA TWEED COORDINATES (SKIRT & SHORTS TERNO),"Pink Skirt,XS-M (21-28 inches)",290,290,1,290
230909UMX7G61J,Completed,787183100582,Standard Local-J&T Express,pickup,2023-09-21 17:26,2023-09-12 14:36,2023-09-09 17:16,2023-09-09 17:26,KNITTED TOPS/FLARE PANTS/STRAPPY (MARIA GALZ),,1011,1011,1,1011
230909UX7TVCTB,Completed,787165480502,Standard Local-J&T Express,pickup,2023-09-12 20:13,2023-09-11 14:05,2023-09-09 20:03,2023-09-09 20:13,PLAIN MIDI SKIRT 22-30 INCHES (WITH & WITHOUT SLIT),"SILVER,NO SLIT",149,149,1,149
230909UXBQRRCJ,Completed,787208260257,Standard Local-J&T Express,pickup,2023-09-21 20:15,2023-09-16 13:26,2023-09-09 20:05,2023-09-09 20:15,ZARA TWEED COORDINATES (SKIRT & SHORTS TERNO),"Black Skirt,L-XL (29-34 inches)",290,290,1,290
230909UYXQJA16,Completed,787165590341,Standard Local-J&T Express,pickup,2023-09-21 20:43,2023-09-11 14:05,2023-09-09 20:33,2023-09-09 20:43,ZARA TWEED COORDINATES (SKIRT & SHORTS TERNO),"Black&White Shorts,XS-M (21-28 inches)",290,290,1,290
230909V1AVVBKE,Completed,787168853142,Standard Local-J&T Express,pickup,2023-09-21 20:58,2023-09-11 14:05,2023-09-09 20:58,2023-09-09 20:58,ZARA TWEED COORDINATES (SKIRT & SHORTS TERNO),"Black Skirt,XS-M (21-28 inches)",290,290,1,290
230909V2DNTFTG,Completed,787183131872,Standard Local-J&T Express,pickup,2023-09-18 21:20,2023-09-12 14:37,2023-09-09 21:18,2023-09-09 21:20,TWEED COORDS/DRESS CHECKOUT (5 sets),,5,5,1,5
230909V3T1TPFV,Completed,787168968272,Standard Local-J&T Express,pickup,2023-09-21 21:52,2023-09-11 14:05,2023-09-09 21:42,2023-09-09 21:52,ZARA TWEED COORDINATES (SKIRT & SHORTS TERNO),"Pink Shorts,XS-M (21-28 inches)",290,290,1,290
230909V4CWFPPD,Completed,787169192812,Standard Local-J&T Express,pickup,2023-09-21 21:53,2023-09-11 14:05,2023-09-09 21:53,2023-09-09 21:53,TWEED COORDS/DRESS CHECKOUT (16-25 sets),,5,5,1,5
230909V5E2Y59W,Completed,787169293754,Standard Local-J&T Express,pickup,2023-09-18 22:21,2023-09-11 14:05,2023-09-09 22:11,2023-09-09 22:21,TWEED COORDS/DRESS CHECKOUT (5 sets),,5,5,1,5
230909V6AHQ9K4,Completed,787168982736,Standard Local-J&T Express,pickup,2023-09-21 22:37,2023-09-11 14:05,2023-09-09 22:27,2023-09-09 22:37,ZARA TWEED COORDINATES (SKIRT & SHORTS TERNO),"Pink Shorts,XS-M (21-28 inches)",290,290,1,290
230910VKV3S740,Completed,SPEPH031035279319,Standard Local-SPX Express,pickup,2023-09-21 02:40,2023-09-11 14:21,2023-09-10 02:30,2023-09-10 02:40,ZARA TWEED COORDINATES (SKIRT & SHORTS TERNO),"Black&White Shorts,XS-M (21-28 inches)",290,290,1,290
230910VYRTXTTF,Completed,SPEPH036332946689,Standard Local-SPX Express,pickup,2023-09-12 06:13,2023-09-11 14:21,2023-09-10 06:03,2023-09-10 06:13,PLAIN MIDI SKIRT 22-30 INCHES (WITH & WITHOUT SLIT),"BLACK,NO SLIT",149,149,1,149
230910W1F9B3AW,Completed,SPEPH038215884839,Standard Local-SPX Express,pickup,2023-09-21 06:43,2023-09-19 13:05,2023-09-10 06:33,2023-09-10 06:43,ZARA TWEED COORDINATES (SKIRT & SHORTS TERNO),"Pink Skirt,XS-M (21-28 inches)",290,290,1,290
2309100742N5PK,Completed,787169616585,Standard Local-J&T Express,pickup,2023-09-18 09:14,2023-09-11 14:05,2023-09-10 09:14,2023-09-10 09:14,TWEED COORDS/DRESS CHECKOUT (5 sets),,5,5,1,5
2309100BSRYVK6,Completed,787168999337,Standard Local-J&T Express,pickup,2023-09-18 10:47,2023-09-11 14:05,2023-09-10 10:37,2023-09-10 10:47,10 PCS ZARA STRAPPY BUNDLE (RANDOM COLORS/FREESIZE),,400,400,1,400
2309100JJH2VJN,Completed,787190638466,Standard Local-J&T Express,pickup,2023-09-21 12:39,2023-09-13 12:23,2023-09-10 12:39,2023-09-10 12:39,ZARA TWEED COORDINATES (SKIRT & SHORTS TERNO),"Black Skirt,L-XL (29-34 inches)",290,290,1,290
2309100K26RDQU,Completed,787169146271,Standard Local-J&T Express,pickup,2023-09-18 12:57,2023-09-11 14:05,2023-09-10 12:47,2023-09-10 12:57,TWEED COORDS/DRESS CHECKOUT (5 sets),,5,5,1,5
2309100SGPQRYF,Completed,SPEPH035209322689,Standard Local-SPX Express,pickup,2023-09-18 14:53,2023-09-11 14:21,2023-09-10 14:43,2023-09-10 14:53,TWEED COORDS/DRESS CHECKOUT (5 sets),,5,5,1,5
2309100WPS8WP4,Completed,787169801882,Standard Local-J&T Express,pickup,2023-09-21 15:58,2023-09-11 14:05,2023-09-10 15:58,2023-09-10 15:58,TWEED COORDS/DRESS CHECKOUT (16-25 sets),,5,5,1,5
2309100XN8WRAT,Completed,787180088047,Standard Local-J&T Express,pickup,2023-09-21 16:25,2023-09-11 14:05,2023-09-10 16:15,2023-09-10 16:25,ZARA TWEED COORDINATES (SKIRT & SHORTS TERNO),"Black&White Shorts,XS-M (21-28 inches)",290,290,1,290
2309100XW7HCBY,Completed,787181015427,Standard Local-J&T Express,pickup,2023-09-18 16:29,2023-09-11 14:05,2023-09-10 16:19,2023-09-10 16:29,TWEED COORDS/DRESS CHECKOUT (5 sets),,5,5,1,5
23091015UVDT56,Completed,787182187596,Standard Local-J&T Express,pickup,2023-09-21 18:34,2023-09-12 14:37,2023-09-10 18:24,2023-09-10 18:34,TWEED COORDS/DRESS CHECKOUT (16-25 sets),,5,5,1,5
2309101ACU4539,Completed,SPEPH039945054869,Standard Local-SPX Express,pickup,2023-09-18 19:55,2023-09-11 14:21,2023-09-10 19:45,2023-09-10 19:55,TWEED COORDS/DRESS CHECKOUT (5 sets),,5,5,1,5
2309101AKV69D0,Completed,SPEPH036103232089,Standard Local-SPX Express,pickup,2023-09-21 19:59,2023-09-11 14:21,2023-09-10 19:49,2023-09-10 19:59,ZARA TWEED COORDINATES (SKIRT & SHORTS TERNO) - NEW COLORS,"Pink Short,L-XL (29-34 inches)",290,290,1,290
2309101CHHBQS1,Completed,787180470591,Standard Local-J&T Express,pickup,2023-09-18 20:33,2023-09-11 14:05,2023-09-10 20:23,2023-09-10 20:33,TWEED COORDS/DRESS CHECKOUT (5 sets),,5,5,1,5
2309101HC25W4Q,Completed,787180032144,Standard Local-J&T Express,pickup,2023-09-12 22:00,2023-09-11 14:05,2023-09-10 21:50,2023-09-10 22:00,EMBOSSED HALTER NECK TOP,"Hot pink,FREESIZE (S-L)",109,109,1,109
2309101HH660NM,Completed,787224133461,Standard Local-J&T Express,pickup,2023-09-21 22:03,2023-09-19 12:31,2023-09-10 21:53,2023-09-10 22:03,ZARA TWEED COORDINATES (SKIRT & SHORTS TERNO),"Pink Shorts,XS-M (21-28 inches)",290,290,1,290
2309101QNGXQG5,Completed,787180104658,Standard Local-J&T Express,pickup,2023-09-21 23:52,2023-09-11 14:05,2023-09-10 23:42,2023-09-10 23:52,ZARA TWEED COORDINATES (SKIRT & SHORTS TERNO) - NEW COLORS,"Black/White(2) Skirt,XS-M (21-28 inches)",290,290,1,290
2309112C3CJD2E,Completed,787208262651,Standard Local-J&T Express,pickup,2023-09-22 05:58,2023-09-16 13:26,2023-09-11 05:48,2023-09-11 05:58,ZARA TWEED COORDINATES (SKIRT & SHORTS TERNO),"Pink Shorts,L-XL (29-34 inches)",290,290,1,290
2309112C3CJD2E,Completed,787208262651,Standard Local-J&T Express,pickup,2023-09-22 05:58,2023-09-16 13:26,2023-09-11 05:48,2023-09-11 05:58,ZARA TWEED COORDINATES (SKIRT & SHORTS TERNO),"White Shorts,L-XL (29-34 inches)",290,290,1,290
2309112PK6JK45,Completed,SPEPH036035279119,Standard Local-SPX Express,pickup,2023-09-22 09:06,2023-09-16 13:14,2023-09-11 08:56,2023-09-11 09:06,ZARA TWEED COORDINATES (SKIRT & SHORTS TERNO) - NEW COLORS,"Black&White Short,XS-M (21-28 inches)",290,290,1,290
2309112Q458Y2U,Completed,SPEPH032185978499,Standard Local-SPX Express,pickup,2023-09-25 09:15,2023-09-26 15:11,2023-09-11 09:05,2023-09-11 09:15,ZARA TWEED COORDINATES (SKIRT & SHORTS TERNO),"Khaki Skirt,XS-M (21-28 inches)",290,290,1,290
2309112S5GKQ5U,Completed,SPEPH031817383939,Standard Local-SPX Express,pickup,2023-09-22 09:52,2023-09-11 14:21,2023-09-11 09:42,2023-09-11 09:52,ZARA TWEED COORDINATES (SKIRT & SHORTS TERNO),"Pink Skirt,L-XL (29-34 inches)",290,290,1,290
2309112YB899S9,Completed,SPEPH037599998939,Standard Local-SPX Express,pickup,2023-09-19 11:43,2023-09-12 16:07,2023-09-11 11:33,2023-09-11 11:43,TWEED COORDS/DRESS CHECKOUT (5 sets),,5,5,1,5
23091138Q9VPR3,Completed,SPEPH032710269349,Standard Local-SPX Express,pickup,2023-09-19 14:30,2023-09-12 16:07,2023-09-11 14:20,2023-09-11 14:30,TWEED COORDS/DRESS CHECKOUT (5 sets),,5,5,1,5
2309113KKDPK0A,Completed,SPEPH031470055409,Standard Local-SPX Express,pickup,2023-09-19 17:45,2023-09-12 16:07,2023-09-11 17:35,2023-09-11 17:45,TWEED COORDS/DRESS CHECKOUT (5 sets),,5,5,1,5
2309113UM6JAB1,Completed,SPEPH036900461949,Standard Local-SPX Express,pickup,2023-09-22 20:09,2023-09-19 13:05,2023-09-11 19:59,2023-09-11 20:09,ZARA TWEED COORDINATES (SKIRT & SHORTS TERNO),"Blue Shorts,XS-M (21-28 inches)",290,290,1,290
23091145FEGMWV,Completed,SPEPH032879522819,Standard Local-SPX Express,pickup,2023-09-19 23:05,2023-09-12 16:07,2023-09-11 22:55,2023-09-11 23:05,TWEED COORDS/DRESS CHECKOUT (5 sets),,5,5,1,5
23091145NKWT30,Completed,787187300008,Standard Local-J&T Express,pickup,2023-09-19 23:08,2023-09-12 14:36,2023-09-11 22:58,2023-09-11 23:08,TWEED COORDS/DRESS CHECKOUT (5 sets),,5,5,1,5
2309124UG366W9,Completed,787187222526,Standard Local-J&T Express,pickup,2023-09-23 05:39,2023-09-12 14:36,2023-09-12 05:29,2023-09-12 05:39,ZARA TWEED COORDINATES (SKIRT & SHORTS TERNO),"Black&White Skirt,XS-M (21-28 inches)",290,290,1,290
2309124XECPNWE,Completed,SPEPH036192732279,Standard Local-SPX Express,pickup,2023-09-23 06:32,2023-09-17 13:16,2023-09-12 06:22,2023-09-12 06:32,ZARA TWEED COORDINATES (SKIRT & SHORTS TERNO),"Pink Shorts,L-XL (29-34 inches)",290,290,1,290
2309124XECPNWE,Completed,SPEPH036192732279,Standard Local-SPX Express,pickup,2023-09-23 06:32,2023-09-17 13:16,2023-09-12 06:22,2023-09-12 06:32,ZARA TWEED COORDINATES (SKIRT & SHORTS TERNO),"Black&White Shorts,L-XL (29-34 inches)",290,290,1,290
23091251C7R7GK,Completed,787187708615,Standard Local-J&T Express,pickup,2023-09-20 07:24,2023-09-12 14:36,2023-09-12 07:14,2023-09-12 07:24,TWEED COORDS/DRESS CHECKOUT (5 sets),,5,5,1,5
23091259EUS562,Completed,SPEPH034496069329,Standard Local-SPX Express,pickup,2023-09-23 09:49,2023-09-12 16:07,2023-09-12 09:39,2023-09-12 09:49,ZARA TWEED COORDINATES (SKIRT & SHORTS TERNO),"Pink Skirt,L-XL (29-34 inches)",290,290,1,290
2309125CGUFBGY,Completed,787208271672,Standard Local-J&T Express,pickup,2023-09-23 10:44,2023-09-16 13:26,2023-09-12 10:34,2023-09-12 10:44,ZARA TWEED COORDINATES (SKIRT & SHORTS TERNO),"Black&White Shorts,L-XL (29-34 inches)",290,290,1,290
2309125ESM9XHK,Completed,SPEPH031191288279,Standard Local-SPX Express,pickup,2023-09-23 11:24,2023-09-12 16:07,2023-09-12 11:14,2023-09-12 11:24,ZARA TWEED COORDINATES (SKIRT & SHORTS TERNO),"Blue Skirt(New),XS-M (21-28 inches)",290,290,1,290
230912628ACYXK,Completed,SPEPH037779709309,Standard Local-SPX Express,pickup,2023-09-20 17:13,2023-09-13 13:10,2023-09-12 17:03,2023-09-12 17:13,TWEED COORDS/DRESS CHECKOUT (5 sets),,5,5,1,5
23091262FJ2YRG,Completed,787188297813,Standard Local-J&T Express,pickup,2023-09-23 17:08,2023-09-13 12:23,2023-09-12 17:07,2023-09-12 17:08,TWEED COORDS/DRESS CHECKOUT (16-25 sets),,5,5,1,5
23091262P3W24U,Completed,787188727345,Standard Local-J&T Express,pickup,2023-09-20 17:20,2023-09-13 12:23,2023-09-12 17:10,2023-09-12 17:20,TWEED COORDS/DRESS CHECKOUT (5 sets),,5,5,1,5
23091265FKTT6H,Completed,SPEPH039386353139,Standard Local-SPX Express,pickup,2023-09-20 18:10,2023-09-13 13:10,2023-09-12 18:00,2023-09-12 18:10,TWEED COORDS/DRESS CHECKOUT (5 sets),,5,5,1,5
23091267D651H5,Completed,787214363631,Standard Local-J&T Express,pickup,2023-09-23 18:45,2023-09-18 14:10,2023-09-12 18:35,2023-09-12 18:45,ZARA TWEED COORDINATES (SKIRT & SHORTS TERNO),"Black&White Skirt,L-XL (29-34 inches)",290,290,1,290
2309126ACMP720,Completed,SPEPH038178219279,Standard Local-SPX Express,pickup,2023-09-14 19:38,2023-09-13 13:10,2023-09-12 19:28,2023-09-12 19:38,KENDALL KNITTED TUBE TOP,"Hotpink,FREESIZE (S-L)",120,120,1,120
2309126C4RF2R0,Completed,SPEPH034829856959,Standard Local-SPX Express,pickup,2023-09-23 20:10,2023-09-13 13:10,2023-09-12 20:00,2023-09-12 20:10,ZARA TWEED COORDINATES (SKIRT & SHORTS TERNO),"Pink Skirt,L-XL (29-34 inches)",290,290,1,290
2309126D7P82EJ,Completed,SPEPH030266222839,Standard Local-SPX Express,pickup,2023-09-23 20:19,2023-09-17 13:17,2023-09-12 20:19,2023-09-12 20:19,ZARA TWEED COORDINATES (SKIRT & SHORTS TERNO) - NEW COLORS,"Black&White Short,L-XL (29-34 inches)",290,290,1,290
2309126E9QB0UU,Completed,787189124217,Standard Local-J&T Express,pickup,2023-09-20 20:38,2023-09-13 12:23,2023-09-12 20:38,2023-09-12 20:38,TWEED COORDS/DRESS CHECKOUT (5 sets),,5,5,1,5
2309126GH9327Y,Completed,787189147635,Standard Local-J&T Express,pickup,2023-09-20 21:19,2023-09-13 12:23,2023-09-12 21:18,2023-09-12 21:19,TWEED COORDS/DRESS CHECKOUT (5 sets),,5,5,2,10
2309126JA5MKUQ,Completed,787189290296,Standard Local-J&T Express,pickup,2023-09-23 22:00,2023-09-13 12:23,2023-09-12 21:50,2023-09-12 22:00,TROUSER PANTS (CLARISSE VILLANOS),,1330,1330,1,1330
2309136SNPFPEN,Completed,SPEPH037175146349,Standard Local-SPX Express,pickup,2023-09-25 00:12,2023-09-13 13:10,2023-09-13 00:02,2023-09-13 00:12,ZARA TWEED COORDINATES (SKIRT & SHORTS TERNO),"Pink Skirt,L-XL (29-34 inches)",290,290,1,290
2309137KGST6XP,Completed,SPEPH030620024719,Standard Local-SPX Express,pickup,2023-09-28 07:54,2023-09-26 15:11,2023-09-13 07:44,2023-09-13 07:54,ZARA TWEED COORDINATES (SKIRT & SHORTS TERNO) - NEW COLORS,"Pink Short,XS-M (21-28 inches)",290,290,1,290
2309137PTMA7WM,Completed,SPEPH030814470469,Standard Local-SPX Express,pickup,2023-09-21 08:53,2023-09-16 13:14,2023-09-13 08:43,2023-09-13 08:53,TWEED COORDS/DRESS CHECKOUT (5 sets),,5,5,1,5
2309137Q9NX103,Completed,SPEPH032459108759,Standard Local-SPX Express,pickup,2023-09-21 09:02,2023-09-13 13:10,2023-09-13 08:52,2023-09-13 09:02,TWEED COORDS/DRESS CHECKOUT (5 sets),,5,5,1,5
2309137SNACPBG,Completed,SPEPH038121382329,Standard Local-SPX Express,pickup,2023-09-25 09:44,2023-09-17 13:16,2023-09-13 09:34,2023-09-13 09:44,ZARA TWEED COORDINATES (SKIRT & SHORTS TERNO),"Black&White Skirt,L-XL (29-34 inches)",290,290,1,290
2309138DNN0KFS,Completed,787206095036,Standard Local-J&T Express,pickup,2023-09-25 15:32,2023-09-16 13:26,2023-09-13 15:32,2023-09-13 15:32,TWEED COORDS/DRESS CHECKOUT (16-25 sets),,5,5,1,5
2309138DWW5P0V,Completed,787208438367,Standard Local-J&T Express,pickup,2023-09-25 15:47,2023-09-16 13:26,2023-09-13 15:37,2023-09-13 15:47,TWEED COORDS/DRESS CHECKOUT (16-25 sets),,5,5,1,5
2309138FRWGKK3,Completed,787240751201,Standard Local-J&T Express,pickup,2023-09-25 16:20,2023-09-22 14:11,2023-09-13 16:10,2023-09-13 16:20,ZARA TWEED COORDINATES (SKIRT & SHORTS TERNO),"Blue Shorts,XS-M (21-28 inches)",290,290,1,290
2309138QEMGGM2,Completed,SPEPH036109600279,Standard Local-SPX Express,pickup,2023-09-25 18:37,2023-09-19 13:05,2023-09-13 18:27,2023-09-13 18:37,ZARA TWEED COORDINATES (SKIRT & SHORTS TERNO),"Pink Shorts,L-XL (29-34 inches)",290,290,1,290
2309138R7C2AKG,Completed,787214410296,Standard Local-J&T Express,pickup,2023-09-25 18:51,2023-09-18 14:10,2023-09-13 18:41,2023-09-13 18:51,TROUSER PANTS (ANDRIA PAZ),,1452,1452,1,1452
23091391NDHJSE,Completed,SPEPH034405490769,Standard Local-SPX Express,pickup,2023-09-25 21:30,2023-09-17 13:16,2023-09-13 21:30,2023-09-13 21:30,ZARA TWEED COORDINATES (SKIRT & SHORTS TERNO),"Black&White Skirt,XS-M (21-28 inches)",290,290,1,290
2309139929AQ1U,Completed,SPEPH030057100909,Standard Local-SPX Express,pickup,2023-09-25 23:52,2023-09-26 15:11,2023-09-13 23:42,2023-09-13 23:52,ZARA TWEED COORDINATES (SKIRT & SHORTS TERNO),"Pink Shorts,XS-M (21-28 inches)",290,290,1,290
2309149RWJSEJK,Completed,SPEPH036868726129,Standard Local-SPX Express,pickup,2023-09-26 04:36,2023-09-17 13:17,2023-09-14 04:26,2023-09-14 04:36,ZARA TWEED COORDINATES (SKIRT & SHORTS TERNO),"Black&White Shorts,XS-M (21-28 inches)",290,290,1,290
230914ACWNU24E,Completed,SPEPH033890001319,Standard Local-SPX Express,pickup,2023-09-26 10:24,2023-09-17 13:16,2023-09-14 10:24,2023-09-14 10:24,ZARA TWEED COORDINATES (SKIRT & SHORTS TERNO),"Black&White Shorts,L-XL (29-34 inches)",290,290,1,290
230914BAT52B7R,Completed,SPEPH033249099659,Standard Local-SPX Express,pickup,2023-09-26 19:19,2023-09-17 13:16,2023-09-14 19:19,2023-09-14 19:19,AMELIA OVERLAP TUBE ROMPER || beautique.ph,"Denim blue,FREESIZE S-M",199,199,1,199
230914BAT52B7R,Completed,SPEPH033249099659,Standard Local-SPX Express,pickup,2023-09-26 19:19,2023-09-17 13:16,2023-09-14 19:19,2023-09-14 19:19,ZARA TWEED COORDINATES (SKIRT & SHORTS TERNO) - NEW COLORS,"Black&White Skirt,XS-M (21-28 inches)",290,290,1,290
230914BDAF51XJ,Completed,787208547515,Standard Local-J&T Express,pickup,2023-09-22 20:14,2023-09-16 13:26,2023-09-14 20:04,2023-09-14 20:14,TWEED COORDS/DRESS CHECKOUT (5 sets),,5,5,1,5
230914BDH1YM6B,Completed,787208651152,Standard Local-J&T Express,pickup,2023-09-22 20:18,2023-09-16 13:26,2023-09-14 20:08,2023-09-14 20:18,TWEED COORDS/DRESS CHECKOUT (5 sets),,5,5,1,5
230914BEJHV26X,Completed,787208588002,Standard Local-J&T Express,pickup,2023-09-22 20:27,2023-09-16 13:26,2023-09-14 20:26,2023-09-14 20:27,TWEED COORDS/DRESS CHECKOUT (5 sets),,5,5,1,5
230914BHXD8H49,Completed,787208515856,Standard Local-J&T Express,pickup,2023-09-22 21:27,2023-09-16 13:26,2023-09-14 21:27,2023-09-14 21:27,TWEED COORDS/DRESS CHECKOUT (5 sets),,5,5,1,5
230915C2AN9V1R,Completed,SPEPH032753703949,Standard Local-SPX Express,pickup,2023-09-27 02:30,2023-09-17 13:17,2023-09-15 02:20,2023-09-15 02:30,ZARA TWEED COORDINATES (SKIRT & SHORTS TERNO),"Pink Skirt,L-XL (29-34 inches)",290,290,1,290
230915CJWVGX60,Completed,SPEPH034603337709,Standard Local-SPX Express,pickup,2023-09-30 07:27,2023-09-30 14:48,2023-09-15 07:17,2023-09-15 07:27,ZARA TWEED COORDINATES (SKIRT & SHORTS TERNO),"Beige Skirt,XS-M (21-28 inches)",290,290,1,290
230915DKD5284G,Completed,SPEPH039196655509,Standard Local-SPX Express,pickup,2023-09-27 17:08,2023-09-17 13:16,2023-09-15 16:58,2023-09-15 17:08,ZARA TWEED COORDINATES (SKIRT & SHORTS TERNO),"Black&White Shorts,XS-M (21-28 inches)",290,290,1,290
230915DMT36WHC,Completed,SPEPH036766770469,Standard Local-SPX Express,pickup,2023-09-23 17:33,2023-09-16 13:14,2023-09-15 17:23,2023-09-15 17:33,TWEED COORDS/DRESS CHECKOUT (5 sets),,5,5,1,5
230915DPWHD4T3,Completed,787206063393,Standard Local-J&T Express,pickup,2023-09-23 18:01,2023-09-16 13:26,2023-09-15 18:01,2023-09-15 18:01,TWEED COORDS/DRESS CHECKOUT (5 sets),,5,5,1,5
230915DR7CAB54,Completed,SPEPH031470467969,Standard Local-SPX Express,pickup,2023-09-27 18:34,2023-09-17 13:16,2023-09-15 18:24,2023-09-15 18:34,TWEED COORDS/DRESS CHECKOUT (16-25 sets),,5,5,1,5
230915E1CQBFDJ,Completed,SPEPH030502074869,Standard Local-SPX Express,pickup,2023-09-23 21:18,2023-09-16 13:14,2023-09-15 21:08,2023-09-15 21:18,TWEED COORDS/DRESS CHECKOUT (5 sets),,5,5,1,5
230915E4X8UGTY,Completed,SPEPH039675685899,Standard Local-SPX Express,pickup,2023-09-27 22:22,2023-09-17 13:16,2023-09-15 22:12,2023-09-15 22:22,ZARA TWEED COORDINATES (SKIRT & SHORTS TERNO),"Black&White Skirt,XS-M (21-28 inches)",290,290,1,290
230915E6602VEK,Completed,SPEPH032661486739,Standard Local-SPX Express,pickup,2023-09-27 22:44,2023-09-20 16:55,2023-09-15 22:34,2023-09-15 22:44,ZARA TWEED COORDINATES (SKIRT & SHORTS TERNO) - NEW COLORS,"Blue Skirt,XS-M (21-28 inches)",290,290,1,290
230916EC354CA8,Completed,SPEPH031074742129,Standard Local-SPX Express,pickup,2023-09-19 00:30,2023-09-17 13:16,2023-09-16 00:20,2023-09-16 00:30,ZARA KNITTED TUBE TOP,"Cream,FREESIZE (S-L)",69,69,1,69
230916EC354CA8,Completed,SPEPH031074742129,Standard Local-SPX Express,pickup,2023-09-19 00:30,2023-09-17 13:16,2023-09-16 00:20,2023-09-16 00:30,ZARA KNITTED TUBE TOP,"Royal blue,FREESIZE (S-L)",69,69,1,69
230916F65BC5FM,Completed,SPEPH034433481529,Standard Local-SPX Express,pickup,2023-09-28 08:16,2023-09-17 13:16,2023-09-16 08:06,2023-09-16 08:16,ZARA TWEED COORDINATES (SKIRT & SHORTS TERNO),"Pink Shorts,L-XL (29-34 inches)",290,290,1,290
230916F9QA8E8A,Completed,SPEPH039118311439,Standard Local-SPX Express,pickup,2023-09-28 09:10,2023-09-26 15:11,2023-09-16 09:10,2023-09-16 09:10,ZARA TWEED COORDINATES (SKIRT & SHORTS TERNO),"Pink Skirt,XS-M (21-28 inches)",290,290,1,290
230916FA1YM9CG,Completed,SPEPH032773513419,Standard Local-SPX Express,pickup,2023-09-28 09:17,2023-09-17 13:16,2023-09-16 09:16,2023-09-16 09:17,ZARA KNITTED TUBE TOP,"Black,FREESIZE (S-L)",69,69,1,69
230916FA1YM9CG,Completed,SPEPH032773513419,Standard Local-SPX Express,pickup,2023-09-28 09:17,2023-09-17 13:16,2023-09-16 09:16,2023-09-16 09:17,ZARA TWEED COORDINATES (SKIRT & SHORTS TERNO) - NEW COLORS,"Black&White Skirt,L-XL (29-34 inches)",290,290,1,290
230916FDM1C09H,Completed,SPEPH038519127699,Standard Local-SPX Express,pickup,2023-09-28 10:30,2023-09-26 15:11,2023-09-16 10:20,2023-09-16 10:30,ZARA TWEED COORDINATES (SKIRT & SHORTS TERNO),"Pink Skirt,XS-M (21-28 inches)",290,290,1,290
230916FF03T1XG,Completed,SPEPH031200510609,Standard Local-SPX Express,pickup,2023-09-25 10:55,2023-09-17 13:16,2023-09-16 10:45,2023-09-16 10:55,TWEED COORDS/DRESS CHECKOUT (5 sets),,20,20,1,20
230916FHJX2WTH,Completed,SPEPH039363225209,Standard Local-SPX Express,pickup,2023-09-28 11:41,2023-09-17 13:16,2023-09-16 11:31,2023-09-16 11:41,ZARA TWEED COORDINATES (SKIRT & SHORTS TERNO),"Black Skirt,XS-M (21-28 inches)",290,290,1,290
230916FHWHNJ5W,Completed,SPEPH037735726649,Standard Local-SPX Express,pickup,2023-09-19 11:47,2023-09-17 13:16,2023-09-16 11:37,2023-09-16 11:47,EMBOSSED HALTER NECK TOP,"Hot pink,FREESIZE (S-L)",109,109,1,109
230916FY88B1XR,Completed,SPEPH034862921229,Standard Local-SPX Express,pickup,2023-09-28 15:37,2023-09-19 13:05,2023-09-16 15:35,2023-09-16 15:37,ZARA TWEED COORDINATES (SKIRT & SHORTS TERNO),"Pink Skirt,L-XL (29-34 inches)",290,290,1,290
230916G2S6Q1QB,Completed,787224301013,Standard Local-J&T Express,pickup,2023-09-28 16:49,2023-09-19 12:31,2023-09-16 16:39,2023-09-16 16:49,ZARA TWEED COORDINATES (SKIRT & SHORTS TERNO),"Pink Shorts,L-XL (29-34 inches)",290,290,1,290
230916GJSXQD41,Completed,SPEPH039188204829,Standard Local-SPX Express,pickup,2023-09-28 21:26,2023-09-26 15:12,2023-09-16 21:25,2023-09-16 21:26,ZARA TWEED COORDINATES (SKIRT & SHORTS TERNO),"Pink Shorts,XS-M (21-28 inches)",290,290,1,290
230916GQ4EF38K,Completed,SPEPH037214930869,Standard Local-SPX Express,pickup,2023-09-19 22:53,2023-09-17 13:16,2023-09-16 22:43,2023-09-16 22:53,EMBOSSED HALTER NECK TOP,"Royal blue,FREESIZE (S-L)",109,109,1,109
230917GWSK4F9M,Completed,SPEPH032097673519,Standard Local-SPX Express,pickup,2023-09-25 00:52,2023-09-20 16:55,2023-09-17 00:42,2023-09-17 00:52,TWEED COORDS/DRESS CHECKOUT (5 sets),,5,5,1,5
230917GYKUHN2F,Completed,787225185065,Standard Local-J&T Express,pickup,2023-09-25 01:25,2023-09-19 12:33,2023-09-17 01:15,2023-09-17 01:25,TWEED COORDS/DRESS CHECKOUT (5 sets),,5,5,1,5
230917HY2Y251C,Completed,SPEPH037711473389,Standard Local-SPX Express,pickup,2023-09-28 10:48,2023-09-26 15:11,2023-09-17 10:38,2023-09-17 10:48,ZARA TWEED COORDINATES (SKIRT & SHORTS TERNO),"Pink Skirt,XS-M (21-28 inches)",290,290,1,290
230917J18MQC3R,Completed,SPEPH036744389319,Standard Local-SPX Express,pickup,2023-09-19 11:27,2023-09-19 13:05,2023-09-17 11:17,2023-09-17 11:27,EMBOSSED HALTER NECK TOP,"White,FREESIZE (S-L)",109,109,1,109
230917JRGP6WX4,Completed,787224087288,Standard Local-J&T Express,pickup,2023-09-19 18:23,2023-09-19 12:31,2023-09-17 18:13,2023-09-17 18:23,ZARA KNITTED TUBE TOP,"Apricot,FREESIZE (S-L)",69,69,1,69
230917JRGP6WX4,Completed,787224087288,Standard Local-J&T Express,pickup,2023-09-19 18:23,2023-09-19 12:31,2023-09-17 18:13,2023-09-17 18:23,ZARA KNITTED TUBE TOP,"Black,FREESIZE (S-L)",69,69,1,69
230917JUBJWTXE,Completed,787224316527,Standard Local-J&T Express,pickup,2023-09-28 19:14,2023-09-19 12:31,2023-09-17 19:04,2023-09-17 19:14,ZARA TWEED COORDINATES (SKIRT & SHORTS TERNO),"Black Skirt,XS-M (21-28 inches)",290,290,1,290
230917K78A4DMM,Completed,787224322746,Standard Local-J&T Express,pickup,2023-09-28 22:47,2023-09-19 12:31,2023-09-17 22:37,2023-09-17 22:47,ZARA TWEED COORDINATES (SKIRT & SHORTS TERNO),"Black&White Shorts,XS-M (21-28 inches)",290,290,1,290
230918KD4HGRX8,Completed,SPEPH032536814539,Standard Local-SPX Express,pickup,2023-09-29 00:32,2023-09-26 15:11,2023-09-18 00:22,2023-09-18 00:32,ZARA TWEED COORDINATES (SKIRT & SHORTS TERNO),"Pink Skirt,XS-M (21-28 inches)",290,290,1,290
230918KDBKHM33,Completed,787253959360,Standard Local-J&T Express,pickup,2023-09-26 00:36,2023-09-25 13:11,2023-09-18 00:26,2023-09-18 00:36,10 PCS ZARA STRAPPY BUNDLE (RANDOM COLORS/FREESIZE),,400,400,1,400
230918KDEMTY3J,Completed,787235984461,Standard Local-J&T Express,pickup,2023-09-29 00:38,2023-09-21 12:35,2023-09-18 00:28,2023-09-18 00:38,ZARA TWEED COORDINATES (SKIRT & SHORTS TERNO),"Pink Shorts,L-XL (29-34 inches)",290,290,1,290
230918MMW0HU64,Completed,SPEPH031255055679,Standard Local-SPX Express,pickup,2023-09-29 12:24,2023-09-19 13:05,2023-09-18 12:14,2023-09-18 12:24,LIVE SELLING (MIOMAE ALOHA),,1066,1066,1,1066
230918MTBRUB58,Completed,SPEPH034667409029,Standard Local-SPX Express,pickup,2023-09-29 14:01,2023-09-19 13:05,2023-09-18 13:51,2023-09-18 14:01,ZARA TWEED COORDINATES (SKIRT & SHORTS TERNO),"Black&White Skirt,XS-M (21-28 inches)",290,290,1,290
230918N9QAR04K,Completed,SPEPH035023814639,Standard Local-SPX Express,pickup,2023-09-29 18:36,2023-09-20 16:55,2023-09-18 18:26,2023-09-18 18:36,ZARA TWEED COORDINATES (SKIRT & SHORTS TERNO),"Black Skirt,XS-M (21-28 inches)",290,290,1,290
230918NC9XAQX5,Completed,SPEPH038755045959,Standard Local-SPX Express,pickup,2023-09-29 19:22,2023-09-20 16:55,2023-09-18 19:12,2023-09-18 19:22,LIVE SELLING (DERLENE MATEO),,175,175,1,175
230918NFUTC8VR,Completed,SPEPH033834177769,Standard Local-SPX Express,pickup,2023-09-29 20:26,2023-09-20 16:55,2023-09-18 20:16,2023-09-18 20:26,TWEED COORDS/DRESS CHECKOUT (16-25 sets),,5,5,1,5
230919PE5F4QD4,Completed,787230976970,Standard Local-J&T Express,pickup,2023-09-30 05:28,2023-09-20 13:09,2023-09-19 05:18,2023-09-19 05:28,ZARA TWEED COORDINATES (SKIRT & SHORTS TERNO) - NEW COLORS,"Black&White Short,XS-M (21-28 inches)",290,290,1,290
230919PYXNC20M,Completed,787230841171,Standard Local-J&T Express,pickup,2023-09-30 10:38,2023-09-28 13:58,2023-09-19 10:37,2023-09-19 10:38,TWEED COORDS/DRESS CHECKOUT (5 sets),,5,5,1,5
230919Q0TUHSKR,Completed,787230757261,Standard Local-J&T Express,pickup,2023-09-30 10:53,2023-09-20 13:10,2023-09-19 10:52,2023-09-19 10:53,LIVE SELLING (CRIZTINE CENA),,1110,1110,1,1110
230919Q9NVH1QG,Completed,SPEPH036083741309,Standard Local-SPX Express,pickup,2023-09-27 13:41,2023-09-20 16:55,2023-09-19 13:31,2023-09-19 13:41,TWEED COORDS/DRESS CHECKOUT (5 sets),,5,5,1,5
230919QHMY0HHM,Completed,SPEPH038721948199,Standard Local-SPX Express,pickup,2023-09-21 16:04,2023-09-20 16:55,2023-09-19 15:53,2023-09-19 16:04,ZARA KNITTED TUBE TOP,"Light brown,FREESIZE (S-L)",69,69,1,69
230919QRNWCCXJ,Completed,787230789044,Standard Local-J&T Express,pickup,2023-09-27 17:59,2023-09-20 13:10,2023-09-19 17:59,2023-09-19 17:59,TWEED COORDS/DRESS CHECKOUT (5 sets),,5,5,1,5
230919QVMT5U5P,Completed,787235959220,Standard Local-J&T Express,pickup,2023-09-27 19:10,2023-09-21 12:35,2023-09-19 19:10,2023-09-19 19:10,TWEED COORDS/DRESS CHECKOUT (5 sets),,5,5,1,5
230919R2RY89P0,Completed,SPEPH033782267799,Standard Local-SPX Express,pickup,2023-09-27 21:10,2023-09-21 13:55,2023-09-19 21:00,2023-09-19 21:10,TWEED COORDS/DRESS CHECKOUT (5 sets),,5,5,1,5
230919R448XESH,Completed,SPEPH037090739259,Standard Local-SPX Express,pickup,2023-09-27 21:34,2023-09-21 13:55,2023-09-19 21:24,2023-09-19 21:34,TWEED COORDS/DRESS CHECKOUT (5 sets),,5,5,1,5
230919R9DW8F31,Completed,SPEPH037081423199,Standard Local-SPX Express,pickup,2023-09-27 23:09,2023-09-25 12:05,2023-09-19 22:59,2023-09-19 23:09,TWEED COORDS/DRESS CHECKOUT (5 sets),,5,5,1,5
230920SCACPJJB,Completed,SPEPH037666230719,Standard Local-SPX Express,pickup,2023-10-02 09:33,2023-09-22 17:00,2023-09-20 09:23,2023-09-20 09:33,TWEED COORDS/DRESS CHECKOUT (16-25 sets),,5,5,1,5
230920SJBCPRSF,Completed,787235972802,Standard Local-J&T Express,pickup,2023-09-28 11:21,2023-09-21 12:35,2023-09-20 11:11,2023-09-20 11:21,TWEED COORDS/DRESS CHECKOUT (5 sets),,5,5,1,5
230920SJU66P3G,Completed,SPEPH031291691609,Standard Local-SPX Express,pickup,2023-10-02 11:30,2023-09-21 13:55,2023-09-20 11:20,2023-09-20 11:30,ZARA TWEED COORDINATES (SKIRT & SHORTS TERNO),"Black&White Shorts,XS-M (21-28 inches)",290,290,1,290
230920STR331E3,Completed,787268857921,Standard Local-J&T Express,pickup,2023-10-01 13:42,2023-09-27 11:52,2023-09-20 13:41,2023-09-20 13:42,TWEED COORDS/DRESS CHECKOUT (5 sets),,5,5,1,5
230920SW0FGHMC,Completed,787235999795,Standard Local-J&T Express,pickup,2023-10-02 14:32,2023-09-21 12:35,2023-09-20 14:22,2023-09-20 14:32,ZARA TWEED COORDINATES (SKIRT & SHORTS TERNO),"Black&White Shorts,XS-M (21-28 inches)",290,290,1,290
230920T333X8W1,Completed,787240882159,Standard Local-J&T Express,pickup,2023-09-28 16:11,2023-09-22 14:11,2023-09-20 16:11,2023-09-20 16:11,TWEED COORDS/DRESS CHECKOUT (5 sets),,5,5,1,5
230920T7J0UUEU,Completed,SPEPH034393014909,Standard Local-SPX Express,pickup,2023-10-02 17:41,2023-09-21 13:55,2023-09-20 17:31,2023-09-20 17:41,ZARA TWEED COORDINATES (SKIRT & SHORTS TERNO),"Blue Skirt(New),XS-M (21-28 inches)",290,290,1,290
230920T9R7NVYR,Completed,SPEPH031969406789,Standard Local-SPX Express,pickup,2023-10-02 18:11,2023-09-21 13:55,2023-09-20 18:10,2023-09-20 18:11,ZARA TWEED COORDINATES (SKIRT & SHORTS TERNO),"Blue Skirt,XS-M (21-28 inches)",290,290,1,290
230920TD037U85,Completed,SPEPH038104787219,Standard Local-SPX Express,pickup,2023-09-28 19:18,2023-09-22 17:00,2023-09-20 19:08,2023-09-20 19:18,TWEED COORDS/DRESS CHECKOUT (5 sets),,5,5,1,5
230920TDCFX4SJ,Completed,787253846618,Standard Local-J&T Express,pickup,2023-09-28 19:15,2023-09-25 13:11,2023-09-20 19:15,2023-09-20 19:15,TWEED COORDS/DRESS CHECKOUT (5 sets),,5,5,1,5
230920TJTYS3T0,Completed,787253591273,Standard Local-J&T Express,pickup,2023-10-02 21:03,2023-09-25 13:11,2023-09-20 20:53,2023-09-20 21:03,LIVE SELLING (WELLA MONTEFALCON),,1154,1154,1,1154
230921TX4EU14Y,Completed,787259929054,Standard Local-J&T Express,pickup,2023-09-29 00:25,2023-09-25 13:11,2023-09-21 00:15,2023-09-21 00:25,TWEED COORDS/DRESS CHECKOUT (5 sets),,5,5,1,5
230921TXKBQ56B,Completed,SPEPH034828547309,Standard Local-SPX Express,pickup,2023-09-29 00:33,2023-09-25 12:05,2023-09-21 00:23,2023-09-21 00:33,TWEED COORDS/DRESS CHECKOUT (5 sets),,5,5,1,5
230921UQSCQMDR,Completed,787260039978,Standard Local-J&T Express,pickup,2023-09-29 08:04,2023-09-25 13:21,2023-09-21 07:54,2023-09-21 08:04,TWEED COORDS/DRESS CHECKOUT (5 sets),,5,5,1,5
230921UUUHE7EU,Completed,SPEPH032744450169,Standard Local-SPX Express,pickup,2023-10-03 09:17,2023-09-22 17:00,2023-09-21 09:07,2023-09-21 09:17,ZARA TWEED COORDINATES (SKIRT & SHORTS TERNO),"Black&White Shorts,XS-M (21-28 inches)",290,290,1,290
230921UWRMGFMX,Completed,787244457014,Standard Local-J&T Express,pickup,2023-09-29 09:41,2023-09-22 14:11,2023-09-21 09:41,2023-09-21 09:41,TWEED COORDS/DRESS CHECKOUT (5 sets),,5,5,1,5
230921V1PX62W0,Completed,SPEPH038029033369,Standard Local-SPX Express,pickup,2023-10-03 11:01,2023-09-22 17:00,2023-09-21 10:51,2023-09-21 11:01,ZARA TWEED COORDINATES (SKIRT & SHORTS TERNO),"Black&White Skirt,XS-M (21-28 inches)",290,290,1,290
230921VA6KUDUQ,Completed,787240714316,Standard Local-J&T Express,pickup,2023-09-29 13:33,2023-09-22 14:11,2023-09-21 13:23,2023-09-21 13:33,TWEED COORDS/DRESS CHECKOUT (5 sets),,5,5,1,5
230921VP0DKSYJ,Completed,787259866905,Standard Local-J&T Express,pickup,2023-10-03 16:55,2023-09-25 13:11,2023-09-21 16:55,2023-09-21 16:55,TWEED COORDS/DRESS CHECKOUT (16-25 sets),,5,5,1,5
230921VYSMPTBA,Completed,787249997513,Standard Local-J&T Express,pickup,2023-10-03 20:00,2023-09-25 13:22,2023-09-21 19:50,2023-09-21 20:00,TWEED COORDS/DRESS CHECKOUT (16-25 sets),,5,5,1,5
23092102SD9VEU,Completed,SPEPH034702758879,Standard Local-SPX Express,pickup,2023-10-03 21:53,2023-09-26 15:11,2023-09-21 21:43,2023-09-21 21:53,ZARA TWEED COORDINATES (SKIRT & SHORTS TERNO) - NEW COLORS,"Pink Skirt,L-XL (29-34 inches)",290,290,1,290
230921040MA13N,Completed,787253714388,Standard Local-J&T Express,pickup,2023-10-02 22:05,2023-09-25 13:11,2023-09-21 22:05,2023-09-21 22:05,TWEED COORDS/DRESS CHECKOUT (5 sets),,5,5,1,5
23092107JRW008,Completed,SPEPH036592147569,Standard Local-SPX Express,pickup,2023-10-03 23:10,2023-09-22 17:00,2023-09-21 23:09,2023-09-21 23:10,ZARA TWEED COORDINATES (SKIRT & SHORTS TERNO),"Black&White Shorts,XS-M (21-28 inches)",290,290,1,290
23092109A9JNA2,Completed,787251282203,Standard Local-J&T Express,pickup,2023-09-29 23:42,2023-09-26 12:25,2023-09-21 23:40,2023-09-21 23:42,TWEED COORDS/DRESS CHECKOUT (5 sets),,5,5,1,5
23092218R43J17,Completed,787264771974,Standard Local-J&T Express,pickup,2023-09-30 09:12,2023-09-26 12:25,2023-09-22 09:02,2023-09-22 09:12,TWEED COORDS/DRESS CHECKOUT (5 sets),,5,5,1,5
2309221DK0AJWU,Completed,SPEPH036863939999,Standard Local-SPX Express,pickup,2023-10-04 10:39,2023-09-22 17:00,2023-09-22 10:29,2023-09-22 10:39,ZARA TWEED COORDINATES (SKIRT & SHORTS TERNO),"Black&White Shorts,XS-M (21-28 inches)",290,290,1,290
2309221DRW50S9,Completed,SPEPH035804306299,Standard Local-SPX Express,pickup,2023-10-04 10:42,2023-09-26 15:11,2023-09-22 10:32,2023-09-22 10:42,ZARA TWEED COORDINATES (SKIRT & SHORTS TERNO),"Pink Skirt,XS-M (21-28 inches)",290,290,1,290
2309221G4DQNFE,Completed,787259937899,Standard Local-J&T Express,pickup,2023-09-30 11:14,2023-09-25 13:11,2023-09-22 11:14,2023-09-22 11:14,TWEED COORDS/DRESS CHECKOUT (5 sets),,5,5,1,5
2309221GWX3AF6,Completed,787247458739,Standard Local-J&T Express,pickup,2023-09-30 11:39,2023-09-23 12:07,2023-09-22 11:29,2023-09-22 11:39,TWEED COORDS/DRESS CHECKOUT (5 sets),,5,5,1,5
2309221SG7P6C6,Completed,787247620872,Standard Local-J&T Express,pickup,2023-09-30 14:12,2023-09-23 12:07,2023-09-22 14:02,2023-09-22 14:12,TWEED COORDS/DRESS CHECKOUT (5 sets),,5,5,1,5
2309221T1E0P50,Completed,787268748231,Standard Local-J&T Express,pickup,2023-10-04 14:13,2023-09-27 11:52,2023-09-22 14:12,2023-09-22 14:13,TWEED COORDS/DRESS CHECKOUT (16-25 sets),,5,5,1,5
2309221YS3FX9Q,Completed,SPEPH031641659689,Standard Local-SPX Express,pickup,2023-09-30 16:04,2023-09-26 15:11,2023-09-22 15:54,2023-09-22 16:04,TWEED COORDS/DRESS CHECKOUT (5 sets),,5,5,1,5
230922205DCD5G,Completed,SPEPH034043267769,Standard Local-SPX Express,pickup,2023-10-04 16:11,2023-09-23 13:04,2023-09-22 16:01,2023-09-22 16:11,TWEED COORDS/DRESS CHECKOUT (16-25 sets),,5,5,1,5
23092223JDVFK1,Completed,SPEPH030708444569,Standard Local-SPX Express,pickup,2023-10-04 17:12,2023-09-27 14:11,2023-09-22 17:02,2023-09-22 17:12,ZARA TWEED COORDINATES (SKIRT & SHORTS TERNO),"Beige Skirt,L-XL (29-34 inches)",290,290,1,290
230922288PA8YR,Completed,SPEPH033610732869,Standard Local-SPX Express,pickup,2023-09-30 18:36,2023-09-26 15:11,2023-09-22 18:26,2023-09-22 18:36,TWEED COORDS/DRESS CHECKOUT (5 sets),,5,5,1,5
2309222A2WREN5,Completed,787253619442,Standard Local-J&T Express,pickup,2023-10-04 19:09,2023-09-25 13:11,2023-09-22 18:59,2023-09-22 19:09,TWEED COORDS/DRESS CHECKOUT (16-25 sets),,5,5,1,5
2309222AEKM1MS,Completed,SPEPH035709113729,Standard Local-SPX Express,pickup,2023-09-25 19:15,2023-09-25 12:05,2023-09-22 19:05,2023-09-22 19:15,WOVEN BACKLESS (ur choice clo),,670,670,1,670
2309222E49Q0BD,Completed,SPEPH037876187739,Standard Local-SPX Express,pickup,2023-10-04 20:21,2023-09-23 13:03,2023-09-22 20:11,2023-09-22 20:21,ZARA TWEED COORDINATES (SKIRT & SHORTS TERNO) - NEW COLORS,"Black&White Skirt,L-XL (29-34 inches)",290,290,1,290
2309222JFN3TPF,Completed,SPEPH031685266229,Standard Local-SPX Express,pickup,2023-10-04 21:39,2023-09-23 13:03,2023-09-22 21:29,2023-09-22 21:39,ZARA TWEED COORDINATES (SKIRT & SHORTS TERNO) - NEW COLORS,"Black&White Short,XS-M (21-28 inches)",290,290,1,290
2309222JVMVYAC,Completed,787253558713,Standard Local-J&T Express,pickup,2023-09-30 21:38,2023-09-25 13:11,2023-09-22 21:36,2023-09-22 21:38,TWEED COORDS/DRESS CHECKOUT (5 sets),,5,5,1,5
2309222PA0UJSC,Completed,SPEPH035389027189,Standard Local-SPX Express,pickup,2023-09-30 22:47,2023-09-23 13:03,2023-09-22 22:37,2023-09-22 22:47,TWEED COORDS/DRESS CHECKOUT (5 sets),,5,5,1,5
2309222PPVTR5B,Completed,SPEPH034561570189,Standard Local-SPX Express,pickup,2023-09-30 22:55,2023-09-26 15:11,2023-09-22 22:45,2023-09-22 22:55,TWEED COORDS/DRESS CHECKOUT (5 sets),,5,5,1,5
2309222QEG4E91,Completed,SPEPH036295406819,Standard Local-SPX Express,pickup,2023-09-30 22:58,2023-09-23 13:03,2023-09-22 22:58,2023-09-22 22:58,TWEED COORDS/DRESS CHECKOUT (5 sets),,5,5,1,5
2309232UC8MEE0,Completed,SPEPH035673165099,Standard Local-SPX Express,pickup,2023-10-02 00:08,2023-09-25 12:05,2023-09-23 00:08,2023-09-23 00:08,TWEED COORDS/DRESS CHECKOUT (5 sets),,5,5,1,5
2309233C9TTQ07,Completed,787259926710,Standard Local-J&T Express,pickup,2023-10-05 05:21,2023-09-25 13:11,2023-09-23 05:11,2023-09-23 05:21,LIVE SELLING (CRIZTINE CENA),,164,164,1,164
2309233D48R3PY,Completed,787248420642,Standard Local-J&T Express,pickup,2023-10-05 05:36,2023-09-25 13:11,2023-09-23 05:26,2023-09-23 05:36,ZARA TWEED COORDINATES (SKIRT & SHORTS TERNO) - NEW COLORS,"Black&White Skirt,L-XL (29-34 inches)",290,290,1,290
2309233D99XJTR,Completed,SPEPH038435158889,Standard Local-SPX Express,pickup,2023-10-02 05:39,2023-09-23 13:04,2023-09-23 05:29,2023-09-23 05:39,TWEED COORDS/DRESS CHECKOUT (5 sets),,5,5,1,5
2309233HMEN907,Completed,SPEPH039061625889,Standard Local-SPX Express,pickup,2023-09-26 06:57,2023-09-26 15:11,2023-09-23 06:47,2023-09-23 06:57,WOVEN BACKLESS (Smntha Bhl),,3374,3374,1,3374
2309233STN2NW9,Completed,787253972775,Standard Local-J&T Express,pickup,2023-10-05 09:23,2023-09-25 13:11,2023-09-23 09:13,2023-09-23 09:23,ZARA TWEED COORDINATES (SKIRT & SHORTS TERNO) - NEW COLORS,"Black&White Short,XS-M (21-28 inches)",290,290,1,290
2309233XQNWE90,Completed,SPEPH036868006909,Standard Local-SPX Express,pickup,2023-09-26 10:43,2023-09-25 12:05,2023-09-23 10:41,2023-09-23 10:43,HIGH WAISTED KNITTED FLARE PANTS,"CARAMEL,FREESIZE 24-32",170,170,1,170
2309234DBS997N,Completed,SPEPH030066587589,Standard Local-SPX Express,pickup,2023-10-05 15:13,2023-09-25 12:05,2023-09-23 15:03,2023-09-23 15:13,ZARA TWEED COORDINATES (SKIRT & SHORTS TERNO) - NEW COLORS,"Black&White Skirt,XS-M (21-28 inches)",290,290,1,290
2309234EUSQ69W,Completed,SPEPH038427480489,Standard Local-SPX Express,pickup,2023-10-02 15:40,2023-09-27 14:11,2023-09-23 15:30,2023-09-23 15:40,TWEED COORDS/DRESS CHECKOUT (5 sets),,5,5,1,5
2309234PJH3YRT,Completed,787253572219,Standard Local-J&T Express,pickup,2023-10-02 17:48,2023-09-25 13:11,2023-09-23 17:48,2023-09-23 17:48,TWEED COORDS/DRESS CHECKOUT (5 sets),,5,5,1,5
2309245GXPWP4C,Completed,SPEPH032352924439,Standard Local-SPX Express,pickup,2023-10-02 01:40,2023-09-28 12:59,2023-09-24 01:40,2023-09-24 01:40,TWEED COORDS/DRESS CHECKOUT (5 sets),,5,5,1,5
23092468QK7VSK,Completed,787253601123,Standard Local-J&T Express,pickup,2023-10-02 08:45,2023-09-25 13:11,2023-09-24 08:45,2023-09-24 08:45,TWEED COORDS/DRESS CHECKOUT (5 sets),,5,5,1,5
23092469DJ39A9,Completed,787253652388,Standard Local-J&T Express,pickup,2023-10-02 09:07,2023-09-25 13:11,2023-09-24 08:57,2023-09-24 09:07,TWEED COORDS/DRESS CHECKOUT (5 sets),,5,5,1,5
2309246FQJY0W3,Completed,787259850313,Standard Local-J&T Express,pickup,2023-09-26 11:00,2023-09-25 13:11,2023-09-24 10:50,2023-09-24 11:00,LIVE SELLING (Jellyn L),,5,5,1,5
2309246GPG06W3,Completed,SPEPH033604963489,Standard Local-SPX Express,pickup,2023-10-02 11:08,2023-09-25 12:05,2023-09-24 11:08,2023-09-24 11:08,TWEED COORDS/DRESS CHECKOUT (5 sets),,5,5,1,5
2309246GQXQQQ7,Completed,787259881910,Standard Local-J&T Express,pickup,2023-09-26 11:09,2023-09-25 13:11,2023-09-24 11:09,2023-09-24 11:09,LIVE SELLING (Vanessa R),,5,5,1,5
23092470N0D0B2,Completed,787259829470,Standard Local-J&T Express,pickup,2023-10-05 15:53,2023-09-25 13:11,2023-09-24 15:53,2023-09-24 15:53,TWEED COORDS/DRESS CHECKOUT (16-25 sets),,5,5,1,5
2309247B2QP67A,Completed,SPEPH038777436199,Standard Local-SPX Express,pickup,2023-10-02 19:10,2023-09-26 15:11,2023-09-24 19:00,2023-09-24 19:10,TWEED COORDS/DRESS CHECKOUT (5 sets),,5,5,1,5
2309247D3NQXPK,Completed,787259986398,Standard Local-J&T Express,pickup,2023-10-02 19:46,2023-09-25 13:14,2023-09-24 19:36,2023-09-24 19:46,TWEED COORDS/DRESS CHECKOUT (5 sets),,5,5,1,5
2309247F07JDXK,Completed,SPEPH032835261149,Standard Local-SPX Express,pickup,2023-09-26 20:10,2023-09-26 15:11,2023-09-24 20:10,2023-09-24 20:10,LIVE SELLING (Vanessa R),,5,5,1,5
2309247GJ8S7VT,Completed,787260004835,Standard Local-J&T Express,pickup,2023-10-02 20:38,2023-09-25 13:11,2023-09-24 20:38,2023-09-24 20:38,TWEED COORDS/DRESS CHECKOUT (5 sets),,5,5,1,5
2309247RT5K755,Completed,SPEPH032379732979,Standard Local-SPX Express,pickup,2023-10-05 23:16,2023-09-26 15:11,2023-09-24 23:06,2023-09-24 23:16,ZARA TWEED COORDINATES (SKIRT & SHORTS TERNO) - NEW COLORS,"Black&White Skirt,L-XL (29-34 inches)",290,290,1,290
2309257XABPM2T,Completed,SPEPH037093728559,Standard Local-SPX Express,pickup,2023-10-06 00:54,2023-09-26 15:11,2023-09-25 00:44,2023-09-25 00:54,ZARA TWEED COORDINATES (SKIRT & SHORTS TERNO) - NEW COLORS,"Black&White Short,XS-M (21-28 inches)",290,290,1,290
23092583JM6CUF,Completed,SPEPH039183116619,Standard Local-SPX Express,pickup,2023-09-27 02:28,2023-09-26 15:11,2023-09-25 02:18,2023-09-25 02:28,EMBOSSED HALTER NECK TOP,"Royal blue,FREESIZE (S-L)",109,109,1,109
23092583YBDJWR,Completed,787260009599,Standard Local-J&T Express,pickup,2023-10-03 02:25,2023-09-25 13:16,2023-09-25 02:25,2023-09-25 02:25,TWEED COORDS/DRESS CHECKOUT (5 sets),,5,5,1,5
230925960TTUN9,Completed,787264689926,Standard Local-J&T Express,pickup,2023-10-06 12:35,2023-09-26 12:25,2023-09-25 12:35,2023-09-25 12:35,TWEED COORDS/DRESS CHECKOUT (16-25 sets),,5,5,1,5
2309259648HF4J,Completed,SPEPH035116999809,Standard Local-SPX Express,pickup,2023-10-06 12:47,2023-09-26 15:11,2023-09-25 12:37,2023-09-25 12:47,ZARA TWEED COORDINATES (SKIRT & SHORTS TERNO) - NEW COLORS,"Pink Skirt,L-XL (29-34 inches)",290,290,1,290
2309259FQSFPYJ,Completed,787264372067,Standard Local-J&T Express,pickup,2023-09-27 15:29,2023-09-26 12:25,2023-09-25 15:29,2023-09-25 15:29,LIVE SELLING (Vanessa R),,5,5,1,5
230925A0XYMPV4,Completed,787264486617,Standard Local-J&T Express,pickup,2023-10-03 20:37,2023-09-26 12:25,2023-09-25 20:37,2023-09-25 20:37,TWEED COORDS/DRESS CHECKOUT (5 sets),,5,5,1,5
230925A4JQRYM8,Completed,SPEPH032854602929,Standard Local-SPX Express,pickup,2023-09-27 21:52,2023-09-26 15:11,2023-09-25 21:42,2023-09-25 21:52,PLAIN MIDI SKIRT 22-30 INCHES (WITH & WITHOUT SLIT),"BLACK,NO SLIT",149,149,1,149
230926B89N6MVX,Completed,787298934065,Standard Local-J&T Express,pickup,2023-10-04 08:31,2023-10-02 14:13,2023-09-26 08:21,2023-09-26 08:31,TWEED COORDS/DRESS CHECKOUT (5 sets),,5,5,1,5
230926BNG2JY1D,Completed,787268648419,Standard Local-J&T Express,pickup,2023-10-04 12:17,2023-09-27 11:52,2023-09-26 12:17,2023-09-26 12:17,TWEED COORDS/DRESS CHECKOUT (5 sets),,5,5,1,5
230926CCVTN6N2,Completed,SPEPH037851241049,Standard Local-SPX Express,pickup,2023-09-28 19:26,2023-09-27 14:11,2023-09-26 19:16,2023-09-26 19:26,PLAIN MIDI SKIRT 22-30 INCHES (WITH & WITHOUT SLIT),"WHITE,NO SLIT",149,149,1,149
230927DXYN5FRQ,Completed,SPEPH034407519059,Standard Local-SPX Express,pickup,2023-10-05 10:22,2023-09-29 15:24,2023-09-27 10:12,2023-09-27 10:22,TWEED COORDS/DRESS CHECKOUT (5 sets),,5,5,1,5
230927ECSJ7BH1,Completed,SPEPH03259443654A,Standard Local-SPX Express,pickup,2023-10-09 14:19,2023-10-03 15:20,2023-09-27 14:19,2023-09-27 14:19,PANDORA ELEGANT PROMISE RING WITH BOX & PAPER BAG,,139,139,1,139
230927EGCNATR3,Completed,SPEPH031804260629,Standard Local-SPX Express,pickup,2023-10-09 15:34,2023-09-28 12:59,2023-09-27 15:24,2023-09-27 15:34,TWEED COORDS/DRESS CHECKOUT (16-25 sets),,5,5,1,5
230927EWCC4NQ2,Completed,SPEPH034137281209,Standard Local-SPX Express,pickup,2023-10-09 19:26,2023-09-28 12:59,2023-09-27 19:16,2023-09-27 19:26,ZARA TWEED COORDINATES (SKIRT & SHORTS TERNO) - NEW COLORS,"Black/White(2) Skirt,XS-M (21-28 inches)",290,290,1,290
230928G49FP0PA,Completed,SPEPH039413228899,Standard Local-SPX Express,pickup,2023-09-30 07:02,2023-09-28 12:59,2023-09-28 06:52,2023-09-28 07:02,LIVE SELLING (Jellyn L),,5,5,1,5
230928G7WURXW8,Completed,SPEPH036825936989,Standard Local-SPX Express,pickup,2023-09-30 08:07,2023-09-29 15:24,2023-09-28 07:57,2023-09-28 08:07,LIVE SELLING (MAISOON RODRIGUEZ),,450,450,1,450
230928GU9DR6CY,Completed,787279475400,Standard Local-J&T Express,pickup,2023-09-30 13:54,2023-09-29 12:56,2023-09-28 13:44,2023-09-28 13:54,LIVE SELLING (Vanessa R),,5,5,1,5
230929JN431A44,Completed,787286422488,Standard Local-J&T Express,pickup,2023-10-07 06:59,2023-09-30 12:32,2023-09-29 06:59,2023-09-29 06:59,TWEED COORDS/DRESS CHECKOUT (5 sets),,5,5,1,5
230929JV1HRSU9,Completed,SPEPH032196678749,Standard Local-SPX Express,pickup,2023-10-11 09:03,2023-09-30 14:48,2023-09-29 09:03,2023-09-29 09:03,LIVE SELLING (Vanessa R),,5,5,1,5
230929JYCGFQ4V,Completed,787286623904,Standard Local-J&T Express,pickup,2023-10-02 10:13,2023-09-30 12:32,2023-09-29 10:03,2023-09-29 10:13,PLAIN MIDI SKIRT 22-30 INCHES (WITH & WITHOUT SLIT),"HAZELNUT,NO SLIT",149,149,1,149
230929K3B6KR4A,Completed,SPEPH034767982329,Standard Local-SPX Express,pickup,2023-10-11 11:23,2023-09-30 14:48,2023-09-29 11:13,2023-09-29 11:23,ZARA TWEED COORDINATES (SKIRT & SHORTS TERNO),"Pink Skirt,XS-M (21-28 inches)",290,290,1,290
230929KCRPUUS2,Completed,787286630396,Standard Local-J&T Express,pickup,2023-10-02 14:12,2023-09-30 12:32,2023-09-29 14:02,2023-09-29 14:12,PLAIN MIDI SKIRT 22-30 INCHES (WITH & WITHOUT SLIT),"BLACK,NO SLIT",149,149,1,149
230929KEFHNBF9,Completed,787286390785,Standard Local-J&T Express,pickup,2023-10-11 14:43,2023-09-30 12:32,2023-09-29 14:33,2023-09-29 14:43,LIVE SELLING (WELLA MONTEFALCON),,1110,1110,1,1110
230929KKXNER0F,Completed,787291105932,Standard Local-J&T Express,pickup,2023-10-07 16:21,2023-10-02 14:13,2023-09-29 16:11,2023-09-29 16:21,TWEED COORDS/DRESS CHECKOUT (5 sets),,5,5,1,5
230929KVYCNXKD,Completed,SPEPH030224149319,Standard Local-SPX Express,pickup,2023-10-11 19:02,2023-09-30 14:48,2023-09-29 18:52,2023-09-29 19:02,LIVE SELLING (Vanessa R),,5,5,1,5
230929M09483T8,Completed,787307817492,Standard Local-J&T Express,pickup,2023-10-11 20:01,2023-10-04 11:50,2023-09-29 19:51,2023-09-29 20:01,ZARA TWEED COORDINATES (SKIRT & SHORTS TERNO),"Black&White Shorts,L-XL (29-34 inches)",290,290,1,290
230929M18HEH0H,Completed,SPEPH038892437179,Standard Local-SPX Express,pickup,2023-10-11 20:19,2023-09-30 14:48,2023-09-29 20:09,2023-09-29 20:19,ZARA TWEED COORDINATES (SKIRT & SHORTS TERNO),"Pink Skirt,XS-M (21-28 inches)",290,290,1,290
230929MCSNMYK6,Completed,787286693250,Standard Local-J&T Express,pickup,2023-10-02 23:45,2023-09-30 12:32,2023-09-29 23:35,2023-09-29 23:45,ZARA KNITTED TUBE TOP,"Royal blue,FREESIZE (S-L)",69,69,1,69
230929MCSNMYK6,Completed,787286693250,Standard Local-J&T Express,pickup,2023-10-02 23:45,2023-09-30 12:32,2023-09-29 23:35,2023-09-29 23:45,ZARA KNITTED TUBE TOP,"Black,FREESIZE (S-L)",69,69,1,69
230929MCSNMYK6,Completed,787286693250,Standard Local-J&T Express,pickup,2023-10-02 23:45,2023-09-30 12:32,2023-09-29 23:35,2023-09-29 23:45,ZARA KNITTED TUBE TOP,"Mustard,FREESIZE (S-L)",69,69,1,69
230930MEBRRPBF,Completed,787286697209,Standard Local-J&T Express,pickup,2023-10-03 00:13,2023-09-30 12:32,2023-09-30 00:03,2023-09-30 00:13,PLAIN MIDI SKIRT 22-30 INCHES (WITH & WITHOUT SLIT),"BLACK,NO SLIT",149,149,1,149
230930MSX618JV,Completed,SPEPH031328491029,Standard Local-SPX Express,pickup,2023-10-12 03:40,2023-09-30 14:48,2023-09-30 03:30,2023-09-30 03:40,ZARA TWEED COORDINATES (SKIRT & SHORTS TERNO),"Pink Skirt,XS-M (21-28 inches)",290,290,1,290
230930N27YTFYQ,Completed,SPEPH03589134471A,Standard Local-SPX Express,pickup,2023-10-12 06:09,2023-10-03 15:20,2023-09-30 05:59,2023-09-30 06:09,ELEGANT PROMISE RING WITH BOX & PAPER BAG,,139,139,1,139
230930N5KHNAXT,Completed,787286554969,Standard Local-J&T Express,pickup,2023-10-09 06:59,2023-09-30 12:32,2023-09-30 06:59,2023-09-30 06:59,TWEED COORDS/DRESS CHECKOUT (5 sets),,5,5,1,5
230930N8PX60V4,Completed,787291144401,Standard Local-J&T Express,pickup,2023-10-09 07:55,2023-10-02 14:13,2023-09-30 07:55,2023-09-30 07:55,TWEED COORDS/DRESS CHECKOUT (5 sets),,5,5,1,5
230930NAR7MAQV,Completed,787298793918,Standard Local-J&T Express,pickup,2023-10-12 08:41,2023-10-02 14:13,2023-09-30 08:31,2023-09-30 08:41,TWEED COORDS/DRESS CHECKOUT (16-25 sets),,5,5,1,5
230930NBE6GUC3,Completed,787298894043,Standard Local-J&T Express,pickup,2023-10-12 08:54,2023-10-02 14:13,2023-09-30 08:44,2023-09-30 08:54,LIVE SELLING (Vanessa R),,5,5,1,5
230930PBUUHVQ8,Completed,SPEPH03765073372A,Standard Local-SPX Express,pickup,2023-10-12 18:34,2023-10-01 13:09,2023-09-30 18:24,2023-09-30 18:34,ZARA TWEED COORDINATES (SKIRT & SHORTS TERNO),"Pink Shorts,XS-M (21-28 inches)",290,290,1,290